var_index,var_name,portfolio_job_id,power_cap_W,start_slot,end_slot_exclusive,duration_slots,baseline_duration_minutes,mode_adjusted_duration_minutes,model_throughput_factor,total_gpus,model_power_per_gpu_kW,job_power_kW
0,x_j00_p250_s00,0,250,0,15,15,171.85,220.06690647482017,0.7808988764044943,8,0.2430791849170746,1.9446334793365967
1,x_j00_p250_s01,0,250,1,16,15,171.85,220.06690647482017,0.7808988764044943,8,0.2430791849170746,1.9446334793365967
2,x_j00_p250_s02,0,250,2,17,15,171.85,220.06690647482017,0.7808988764044943,8,0.2430791849170746,1.9446334793365967
3,x_j00_p250_s03,0,250,3,18,15,171.85,220.06690647482017,0.7808988764044943,8,0.2430791849170746,1.9446334793365967
4,x_j00_p250_s04,0,250,4,19,15,171.85,220.06690647482017,0.7808988764044943,8,0.2430791849170746,1.9446334793365967
5,x_j00_p250_s05,0,250,5,20,15,171.85,220.06690647482017,0.7808988764044943,8,0.2430791849170746,1.9446334793365967
6,x_j00_p250_s06,0,250,6,21,15,171.85,220.06690647482017,0.7808988764044943,8,0.2430791849170746,1.9446334793365967
7,x_j00_p250_s07,0,250,7,22,15,171.85,220.06690647482017,0.7808988764044943,8,0.2430791849170746,1.9446334793365967
8,x_j00_p250_s08,0,250,8,23,15,171.85,220.06690647482017,0.7808988764044943,8,0.2430791849170746,1.9446334793365967
9,x_j00_p250_s09,0,250,9,24,15,171.85,220.06690647482017,0.7808988764044943,8,0.2430791849170746,1.9446334793365967
10,x_j00_p300_s00,0,300,0,14,14,171.85,199.9300653594771,0.8595505617977528,8,0.28933040092053547,2.3146432073642838
11,x_j00_p300_s01,0,300,1,15,14,171.85,199.9300653594771,0.8595505617977528,8,0.28933040092053547,2.3146432073642838
12,x_j00_p300_s02,0,300,2,16,14,171.85,199.9300653594771,0.8595505617977528,8,0.28933040092053547,2.3146432073642838
13,x_j00_p300_s03,0,300,3,17,14,171.85,199.9300653594771,0.8595505617977528,8,0.28933040092053547,2.3146432073642838
14,x_j00_p300_s04,0,300,4,18,14,171.85,199.9300653594771,0.8595505617977528,8,0.28933040092053547,2.3146432073642838
15,x_j00_p300_s05,0,300,5,19,14,171.85,199.9300653594771,0.8595505617977528,8,0.28933040092053547,2.3146432073642838
16,x_j00_p300_s06,0,300,6,20,14,171.85,199.9300653594771,0.8595505617977528,8,0.28933040092053547,2.3146432073642838
17,x_j00_p300_s07,0,300,7,21,14,171.85,199.9300653594771,0.8595505617977528,8,0.28933040092053547,2.3146432073642838
18,x_j00_p300_s08,0,300,8,22,14,171.85,199.9300653594771,0.8595505617977528,8,0.28933040092053547,2.3146432073642838
19,x_j00_p300_s09,0,300,9,23,14,171.85,199.9300653594771,0.8595505617977528,8,0.28933040092053547,2.3146432073642838
20,x_j00_p300_s10,0,300,10,24,14,171.85,199.9300653594771,0.8595505617977528,8,0.28933040092053547,2.3146432073642838
21,x_j00_p350_s00,0,350,0,13,13,171.85,188.5142424242424,0.9116022099447514,8,0.33096245080559017,2.6476996064447214
22,x_j00_p350_s01,0,350,1,14,13,171.85,188.5142424242424,0.9116022099447514,8,0.33096245080559017,2.6476996064447214
23,x_j00_p350_s02,0,350,2,15,13,171.85,188.5142424242424,0.9116022099447514,8,0.33096245080559017,2.6476996064447214
24,x_j00_p350_s03,0,350,3,16,13,171.85,188.5142424242424,0.9116022099447514,8,0.33096245080559017,2.6476996064447214
25,x_j00_p350_s04,0,350,4,17,13,171.85,188.5142424242424,0.9116022099447514,8,0.33096245080559017,2.6476996064447214
26,x_j00_p350_s05,0,350,5,18,13,171.85,188.5142424242424,0.9116022099447514,8,0.33096245080559017,2.6476996064447214
27,x_j00_p350_s06,0,350,6,19,13,171.85,188.5142424242424,0.9116022099447514,8,0.33096245080559017,2.6476996064447214
28,x_j00_p350_s07,0,350,7,20,13,171.85,188.5142424242424,0.9116022099447514,8,0.33096245080559017,2.6476996064447214
29,x_j00_p350_s08,0,350,8,21,13,171.85,188.5142424242424,0.9116022099447514,8,0.33096245080559017,2.6476996064447214
30,x_j00_p350_s09,0,350,9,22,13,171.85,188.5142424242424,0.9116022099447514,8,0.33096245080559017,2.6476996064447214
31,x_j00_p350_s10,0,350,10,23,13,171.85,188.5142424242424,0.9116022099447514,8,0.33096245080559017,2.6476996064447214
32,x_j00_p350_s11,0,350,11,24,13,171.85,188.5142424242424,0.9116022099447514,8,0.33096245080559017,2.6476996064447214
33,x_j00_p400_s00,0,400,0,12,12,171.85,171.85,1.0,8,0.3675694379147809,2.9405555033182473
34,x_j00_p400_s01,0,400,1,13,12,171.85,171.85,1.0,8,0.3675694379147809,2.9405555033182473
35,x_j00_p400_s02,0,400,2,14,12,171.85,171.85,1.0,8,0.3675694379147809,2.9405555033182473
36,x_j00_p400_s03,0,400,3,15,12,171.85,171.85,1.0,8,0.3675694379147809,2.9405555033182473
37,x_j00_p400_s04,0,400,4,16,12,171.85,171.85,1.0,8,0.3675694379147809,2.9405555033182473
38,x_j00_p400_s05,0,400,5,17,12,171.85,171.85,1.0,8,0.3675694379147809,2.9405555033182473
39,x_j00_p400_s06,0,400,6,18,12,171.85,171.85,1.0,8,0.3675694379147809,2.9405555033182473
40,x_j00_p400_s07,0,400,7,19,12,171.85,171.85,1.0,8,0.3675694379147809,2.9405555033182473
41,x_j00_p400_s08,0,400,8,20,12,171.85,171.85,1.0,8,0.3675694379147809,2.9405555033182473
42,x_j00_p400_s09,0,400,9,21,12,171.85,171.85,1.0,8,0.3675694379147809,2.9405555033182473
43,x_j00_p400_s10,0,400,10,22,12,171.85,171.85,1.0,8,0.3675694379147809,2.9405555033182473
44,x_j00_p400_s11,0,400,11,23,12,171.85,171.85,1.0,8,0.3675694379147809,2.9405555033182473
45,x_j00_p400_s12,0,400,12,24,12,171.85,171.85,1.0,8,0.3675694379147809,2.9405555033182473
46,x_j01_p250_s00,1,250,0,15,15,169.76666666666668,217.39904076738614,0.7808988764044943,13,0.2430791849170746,3.1600294039219694
47,x_j01_p250_s01,1,250,1,16,15,169.76666666666668,217.39904076738614,0.7808988764044943,13,0.2430791849170746,3.1600294039219694
48,x_j01_p250_s02,1,250,2,17,15,169.76666666666668,217.39904076738614,0.7808988764044943,13,0.2430791849170746,3.1600294039219694
49,x_j01_p250_s03,1,250,3,18,15,169.76666666666668,217.39904076738614,0.7808988764044943,13,0.2430791849170746,3.1600294039219694
50,x_j01_p250_s04,1,250,4,19,15,169.76666666666668,217.39904076738614,0.7808988764044943,13,0.2430791849170746,3.1600294039219694
51,x_j01_p250_s05,1,250,5,20,15,169.76666666666668,217.39904076738614,0.7808988764044943,13,0.2430791849170746,3.1600294039219694
52,x_j01_p250_s06,1,250,6,21,15,169.76666666666668,217.39904076738614,0.7808988764044943,13,0.2430791849170746,3.1600294039219694
53,x_j01_p250_s07,1,250,7,22,15,169.76666666666668,217.39904076738614,0.7808988764044943,13,0.2430791849170746,3.1600294039219694
54,x_j01_p250_s08,1,250,8,23,15,169.76666666666668,217.39904076738614,0.7808988764044943,13,0.2430791849170746,3.1600294039219694
55,x_j01_p250_s09,1,250,9,24,15,169.76666666666668,217.39904076738614,0.7808988764044943,13,0.2430791849170746,3.1600294039219694
56,x_j01_p300_s00,1,300,0,14,14,169.76666666666668,197.50631808278868,0.8595505617977528,13,0.28933040092053547,3.761295211966961
57,x_j01_p300_s01,1,300,1,15,14,169.76666666666668,197.50631808278868,0.8595505617977528,13,0.28933040092053547,3.761295211966961
58,x_j01_p300_s02,1,300,2,16,14,169.76666666666668,197.50631808278868,0.8595505617977528,13,0.28933040092053547,3.761295211966961
59,x_j01_p300_s03,1,300,3,17,14,169.76666666666668,197.50631808278868,0.8595505617977528,13,0.28933040092053547,3.761295211966961
60,x_j01_p300_s04,1,300,4,18,14,169.76666666666668,197.50631808278868,0.8595505617977528,13,0.28933040092053547,3.761295211966961
61,x_j01_p300_s05,1,300,5,19,14,169.76666666666668,197.50631808278868,0.8595505617977528,13,0.28933040092053547,3.761295211966961
62,x_j01_p300_s06,1,300,6,20,14,169.76666666666668,197.50631808278868,0.8595505617977528,13,0.28933040092053547,3.761295211966961
63,x_j01_p300_s07,1,300,7,21,14,169.76666666666668,197.50631808278868,0.8595505617977528,13,0.28933040092053547,3.761295211966961
64,x_j01_p300_s08,1,300,8,22,14,169.76666666666668,197.50631808278868,0.8595505617977528,13,0.28933040092053547,3.761295211966961
65,x_j01_p300_s09,1,300,9,23,14,169.76666666666668,197.50631808278868,0.8595505617977528,13,0.28933040092053547,3.761295211966961
66,x_j01_p300_s10,1,300,10,24,14,169.76666666666668,197.50631808278868,0.8595505617977528,13,0.28933040092053547,3.761295211966961
67,x_j01_p350_s00,1,350,0,13,13,169.76666666666668,186.2288888888889,0.9116022099447514,13,0.33096245080559017,4.302511860472672
68,x_j01_p350_s01,1,350,1,14,13,169.76666666666668,186.2288888888889,0.9116022099447514,13,0.33096245080559017,4.302511860472672
69,x_j01_p350_s02,1,350,2,15,13,169.76666666666668,186.2288888888889,0.9116022099447514,13,0.33096245080559017,4.302511860472672
70,x_j01_p350_s03,1,350,3,16,13,169.76666666666668,186.2288888888889,0.9116022099447514,13,0.33096245080559017,4.302511860472672
71,x_j01_p350_s04,1,350,4,17,13,169.76666666666668,186.2288888888889,0.9116022099447514,13,0.33096245080559017,4.302511860472672
72,x_j01_p350_s05,1,350,5,18,13,169.76666666666668,186.2288888888889,0.9116022099447514,13,0.33096245080559017,4.302511860472672
73,x_j01_p350_s06,1,350,6,19,13,169.76666666666668,186.2288888888889,0.9116022099447514,13,0.33096245080559017,4.302511860472672
74,x_j01_p350_s07,1,350,7,20,13,169.76666666666668,186.2288888888889,0.9116022099447514,13,0.33096245080559017,4.302511860472672
75,x_j01_p350_s08,1,350,8,21,13,169.76666666666668,186.2288888888889,0.9116022099447514,13,0.33096245080559017,4.302511860472672
76,x_j01_p350_s09,1,350,9,22,13,169.76666666666668,186.2288888888889,0.9116022099447514,13,0.33096245080559017,4.302511860472672
77,x_j01_p350_s10,1,350,10,23,13,169.76666666666668,186.2288888888889,0.9116022099447514,13,0.33096245080559017,4.302511860472672
78,x_j01_p350_s11,1,350,11,24,13,169.76666666666668,186.2288888888889,0.9116022099447514,13,0.33096245080559017,4.302511860472672
79,x_j01_p400_s00,1,400,0,12,12,169.76666666666668,169.76666666666668,1.0,13,0.3675694379147809,4.778402692892152
80,x_j01_p400_s01,1,400,1,13,12,169.76666666666668,169.76666666666668,1.0,13,0.3675694379147809,4.778402692892152
81,x_j01_p400_s02,1,400,2,14,12,169.76666666666668,169.76666666666668,1.0,13,0.3675694379147809,4.778402692892152
82,x_j01_p400_s03,1,400,3,15,12,169.76666666666668,169.76666666666668,1.0,13,0.3675694379147809,4.778402692892152
83,x_j01_p400_s04,1,400,4,16,12,169.76666666666668,169.76666666666668,1.0,13,0.3675694379147809,4.778402692892152
84,x_j01_p400_s05,1,400,5,17,12,169.76666666666668,169.76666666666668,1.0,13,0.3675694379147809,4.778402692892152
85,x_j01_p400_s06,1,400,6,18,12,169.76666666666668,169.76666666666668,1.0,13,0.3675694379147809,4.778402692892152
86,x_j01_p400_s07,1,400,7,19,12,169.76666666666668,169.76666666666668,1.0,13,0.3675694379147809,4.778402692892152
87,x_j01_p400_s08,1,400,8,20,12,169.76666666666668,169.76666666666668,1.0,13,0.3675694379147809,4.778402692892152
88,x_j01_p400_s09,1,400,9,21,12,169.76666666666668,169.76666666666668,1.0,13,0.3675694379147809,4.778402692892152
89,x_j01_p400_s10,1,400,10,22,12,169.76666666666668,169.76666666666668,1.0,13,0.3675694379147809,4.778402692892152
90,x_j01_p400_s11,1,400,11,23,12,169.76666666666668,169.76666666666668,1.0,13,0.3675694379147809,4.778402692892152
91,x_j01_p400_s12,1,400,12,24,12,169.76666666666668,169.76666666666668,1.0,13,0.3675694379147809,4.778402692892152
92,x_j02_p250_s00,2,250,0,14,14,153.65,196.7604316546763,0.7808988764044943,8,0.2430791849170746,1.9446334793365967
93,x_j02_p250_s01,2,250,1,15,14,153.65,196.7604316546763,0.7808988764044943,8,0.2430791849170746,1.9446334793365967
94,x_j02_p250_s02,2,250,2,16,14,153.65,196.7604316546763,0.7808988764044943,8,0.2430791849170746,1.9446334793365967
95,x_j02_p250_s03,2,250,3,17,14,153.65,196.7604316546763,0.7808988764044943,8,0.2430791849170746,1.9446334793365967
96,x_j02_p250_s04,2,250,4,18,14,153.65,196.7604316546763,0.7808988764044943,8,0.2430791849170746,1.9446334793365967
97,x_j02_p250_s05,2,250,5,19,14,153.65,196.7604316546763,0.7808988764044943,8,0.2430791849170746,1.9446334793365967
98,x_j02_p250_s06,2,250,6,20,14,153.65,196.7604316546763,0.7808988764044943,8,0.2430791849170746,1.9446334793365967
99,x_j02_p250_s07,2,250,7,21,14,153.65,196.7604316546763,0.7808988764044943,8,0.2430791849170746,1.9446334793365967
100,x_j02_p250_s08,2,250,8,22,14,153.65,196.7604316546763,0.7808988764044943,8,0.2430791849170746,1.9446334793365967
101,x_j02_p250_s09,2,250,9,23,14,153.65,196.7604316546763,0.7808988764044943,8,0.2430791849170746,1.9446334793365967
102,x_j02_p250_s10,2,250,10,24,14,153.65,196.7604316546763,0.7808988764044943,8,0.2430791849170746,1.9446334793365967
103,x_j02_p300_s00,2,300,0,12,12,153.65,178.7562091503268,0.8595505617977528,8,0.28933040092053547,2.3146432073642838
104,x_j02_p300_s01,2,300,1,13,12,153.65,178.7562091503268,0.8595505617977528,8,0.28933040092053547,2.3146432073642838
105,x_j02_p300_s02,2,300,2,14,12,153.65,178.7562091503268,0.8595505617977528,8,0.28933040092053547,2.3146432073642838
106,x_j02_p300_s03,2,300,3,15,12,153.65,178.7562091503268,0.8595505617977528,8,0.28933040092053547,2.3146432073642838
107,x_j02_p300_s04,2,300,4,16,12,153.65,178.7562091503268,0.8595505617977528,8,0.28933040092053547,2.3146432073642838
108,x_j02_p300_s05,2,300,5,17,12,153.65,178.7562091503268,0.8595505617977528,8,0.28933040092053547,2.3146432073642838
109,x_j02_p300_s06,2,300,6,18,12,153.65,178.7562091503268,0.8595505617977528,8,0.28933040092053547,2.3146432073642838
110,x_j02_p300_s07,2,300,7,19,12,153.65,178.7562091503268,0.8595505617977528,8,0.28933040092053547,2.3146432073642838
111,x_j02_p300_s08,2,300,8,20,12,153.65,178.7562091503268,0.8595505617977528,8,0.28933040092053547,2.3146432073642838
112,x_j02_p300_s09,2,300,9,21,12,153.65,178.7562091503268,0.8595505617977528,8,0.28933040092053547,2.3146432073642838
113,x_j02_p300_s10,2,300,10,22,12,153.65,178.7562091503268,0.8595505617977528,8,0.28933040092053547,2.3146432073642838
114,x_j02_p300_s11,2,300,11,23,12,153.65,178.7562091503268,0.8595505617977528,8,0.28933040092053547,2.3146432073642838
115,x_j02_p300_s12,2,300,12,24,12,153.65,178.7562091503268,0.8595505617977528,8,0.28933040092053547,2.3146432073642838
116,x_j02_p350_s00,2,350,0,12,12,153.65,168.54939393939395,0.9116022099447514,8,0.33096245080559017,2.6476996064447214
117,x_j02_p350_s01,2,350,1,13,12,153.65,168.54939393939395,0.9116022099447514,8,0.33096245080559017,2.6476996064447214
118,x_j02_p350_s02,2,350,2,14,12,153.65,168.54939393939395,0.9116022099447514,8,0.33096245080559017,2.6476996064447214
119,x_j02_p350_s03,2,350,3,15,12,153.65,168.54939393939395,0.9116022099447514,8,0.33096245080559017,2.6476996064447214
120,x_j02_p350_s04,2,350,4,16,12,153.65,168.54939393939395,0.9116022099447514,8,0.33096245080559017,2.6476996064447214
121,x_j02_p350_s05,2,350,5,17,12,153.65,168.54939393939395,0.9116022099447514,8,0.33096245080559017,2.6476996064447214
122,x_j02_p350_s06,2,350,6,18,12,153.65,168.54939393939395,0.9116022099447514,8,0.33096245080559017,2.6476996064447214
123,x_j02_p350_s07,2,350,7,19,12,153.65,168.54939393939395,0.9116022099447514,8,0.33096245080559017,2.6476996064447214
124,x_j02_p350_s08,2,350,8,20,12,153.65,168.54939393939395,0.9116022099447514,8,0.33096245080559017,2.6476996064447214
125,x_j02_p350_s09,2,350,9,21,12,153.65,168.54939393939395,0.9116022099447514,8,0.33096245080559017,2.6476996064447214
126,x_j02_p350_s10,2,350,10,22,12,153.65,168.54939393939395,0.9116022099447514,8,0.33096245080559017,2.6476996064447214
127,x_j02_p350_s11,2,350,11,23,12,153.65,168.54939393939395,0.9116022099447514,8,0.33096245080559017,2.6476996064447214
128,x_j02_p350_s12,2,350,12,24,12,153.65,168.54939393939395,0.9116022099447514,8,0.33096245080559017,2.6476996064447214
129,x_j02_p400_s00,2,400,0,11,11,153.65,153.65,1.0,8,0.3675694379147809,2.9405555033182473
130,x_j02_p400_s01,2,400,1,12,11,153.65,153.65,1.0,8,0.3675694379147809,2.9405555033182473
131,x_j02_p400_s02,2,400,2,13,11,153.65,153.65,1.0,8,0.3675694379147809,2.9405555033182473
132,x_j02_p400_s03,2,400,3,14,11,153.65,153.65,1.0,8,0.3675694379147809,2.9405555033182473
133,x_j02_p400_s04,2,400,4,15,11,153.65,153.65,1.0,8,0.3675694379147809,2.9405555033182473
134,x_j02_p400_s05,2,400,5,16,11,153.65,153.65,1.0,8,0.3675694379147809,2.9405555033182473
135,x_j02_p400_s06,2,400,6,17,11,153.65,153.65,1.0,8,0.3675694379147809,2.9405555033182473
136,x_j02_p400_s07,2,400,7,18,11,153.65,153.65,1.0,8,0.3675694379147809,2.9405555033182473
137,x_j02_p400_s08,2,400,8,19,11,153.65,153.65,1.0,8,0.3675694379147809,2.9405555033182473
138,x_j02_p400_s09,2,400,9,20,11,153.65,153.65,1.0,8,0.3675694379147809,2.9405555033182473
139,x_j02_p400_s10,2,400,10,21,11,153.65,153.65,1.0,8,0.3675694379147809,2.9405555033182473
140,x_j02_p400_s11,2,400,11,22,11,153.65,153.65,1.0,8,0.3675694379147809,2.9405555033182473
141,x_j02_p400_s12,2,400,12,23,11,153.65,153.65,1.0,8,0.3675694379147809,2.9405555033182473
142,x_j02_p400_s13,2,400,13,24,11,153.65,153.65,1.0,8,0.3675694379147809,2.9405555033182473
143,x_j03_p250_s00,3,250,0,10,10,109.78333333333333,140.58585131894486,0.7808988764044943,8,0.2430791849170746,1.9446334793365967
144,x_j03_p250_s01,3,250,1,11,10,109.78333333333333,140.58585131894486,0.7808988764044943,8,0.2430791849170746,1.9446334793365967
145,x_j03_p250_s02,3,250,2,12,10,109.78333333333333,140.58585131894486,0.7808988764044943,8,0.2430791849170746,1.9446334793365967
146,x_j03_p250_s03,3,250,3,13,10,109.78333333333333,140.58585131894486,0.7808988764044943,8,0.2430791849170746,1.9446334793365967
147,x_j03_p250_s04,3,250,4,14,10,109.78333333333333,140.58585131894486,0.7808988764044943,8,0.2430791849170746,1.9446334793365967
148,x_j03_p250_s05,3,250,5,15,10,109.78333333333333,140.58585131894486,0.7808988764044943,8,0.2430791849170746,1.9446334793365967
149,x_j03_p250_s06,3,250,6,16,10,109.78333333333333,140.58585131894486,0.7808988764044943,8,0.2430791849170746,1.9446334793365967
150,x_j03_p250_s07,3,250,7,17,10,109.78333333333333,140.58585131894486,0.7808988764044943,8,0.2430791849170746,1.9446334793365967
151,x_j03_p250_s08,3,250,8,18,10,109.78333333333333,140.58585131894486,0.7808988764044943,8,0.2430791849170746,1.9446334793365967
152,x_j03_p250_s09,3,250,9,19,10,109.78333333333333,140.58585131894486,0.7808988764044943,8,0.2430791849170746,1.9446334793365967
153,x_j03_p250_s10,3,250,10,20,10,109.78333333333333,140.58585131894486,0.7808988764044943,8,0.2430791849170746,1.9446334793365967
154,x_j03_p250_s11,3,250,11,21,10,109.78333333333333,140.58585131894486,0.7808988764044943,8,0.2430791849170746,1.9446334793365967
155,x_j03_p250_s12,3,250,12,22,10,109.78333333333333,140.58585131894486,0.7808988764044943,8,0.2430791849170746,1.9446334793365967
156,x_j03_p250_s13,3,250,13,23,10,109.78333333333333,140.58585131894486,0.7808988764044943,8,0.2430791849170746,1.9446334793365967
157,x_j03_p250_s14,3,250,14,24,10,109.78333333333333,140.58585131894486,0.7808988764044943,8,0.2430791849170746,1.9446334793365967
158,x_j03_p300_s00,3,300,0,9,9,109.78333333333333,127.72178649237473,0.8595505617977528,8,0.28933040092053547,2.3146432073642838
159,x_j03_p300_s01,3,300,1,10,9,109.78333333333333,127.72178649237473,0.8595505617977528,8,0.28933040092053547,2.3146432073642838
160,x_j03_p300_s02,3,300,2,11,9,109.78333333333333,127.72178649237473,0.8595505617977528,8,0.28933040092053547,2.3146432073642838
161,x_j03_p300_s03,3,300,3,12,9,109.78333333333333,127.72178649237473,0.8595505617977528,8,0.28933040092053547,2.3146432073642838
162,x_j03_p300_s04,3,300,4,13,9,109.78333333333333,127.72178649237473,0.8595505617977528,8,0.28933040092053547,2.3146432073642838
163,x_j03_p300_s05,3,300,5,14,9,109.78333333333333,127.72178649237473,0.8595505617977528,8,0.28933040092053547,2.3146432073642838
164,x_j03_p300_s06,3,300,6,15,9,109.78333333333333,127.72178649237473,0.8595505617977528,8,0.28933040092053547,2.3146432073642838
165,x_j03_p300_s07,3,300,7,16,9,109.78333333333333,127.72178649237473,0.8595505617977528,8,0.28933040092053547,2.3146432073642838
166,x_j03_p300_s08,3,300,8,17,9,109.78333333333333,127.72178649237473,0.8595505617977528,8,0.28933040092053547,2.3146432073642838
167,x_j03_p300_s09,3,300,9,18,9,109.78333333333333,127.72178649237473,0.8595505617977528,8,0.28933040092053547,2.3146432073642838
168,x_j03_p300_s10,3,300,10,19,9,109.78333333333333,127.72178649237473,0.8595505617977528,8,0.28933040092053547,2.3146432073642838
169,x_j03_p300_s11,3,300,11,20,9,109.78333333333333,127.72178649237473,0.8595505617977528,8,0.28933040092053547,2.3146432073642838
170,x_j03_p300_s12,3,300,12,21,9,109.78333333333333,127.72178649237473,0.8595505617977528,8,0.28933040092053547,2.3146432073642838
171,x_j03_p300_s13,3,300,13,22,9,109.78333333333333,127.72178649237473,0.8595505617977528,8,0.28933040092053547,2.3146432073642838
172,x_j03_p300_s14,3,300,14,23,9,109.78333333333333,127.72178649237473,0.8595505617977528,8,0.28933040092053547,2.3146432073642838
173,x_j03_p300_s15,3,300,15,24,9,109.78333333333333,127.72178649237473,0.8595505617977528,8,0.28933040092053547,2.3146432073642838
174,x_j03_p350_s00,3,350,0,9,9,109.78333333333333,120.4289898989899,0.9116022099447514,8,0.33096245080559017,2.6476996064447214
175,x_j03_p350_s01,3,350,1,10,9,109.78333333333333,120.4289898989899,0.9116022099447514,8,0.33096245080559017,2.6476996064447214
176,x_j03_p350_s02,3,350,2,11,9,109.78333333333333,120.4289898989899,0.9116022099447514,8,0.33096245080559017,2.6476996064447214
177,x_j03_p350_s03,3,350,3,12,9,109.78333333333333,120.4289898989899,0.9116022099447514,8,0.33096245080559017,2.6476996064447214
178,x_j03_p350_s04,3,350,4,13,9,109.78333333333333,120.4289898989899,0.9116022099447514,8,0.33096245080559017,2.6476996064447214
179,x_j03_p350_s05,3,350,5,14,9,109.78333333333333,120.4289898989899,0.9116022099447514,8,0.33096245080559017,2.6476996064447214
180,x_j03_p350_s06,3,350,6,15,9,109.78333333333333,120.4289898989899,0.9116022099447514,8,0.33096245080559017,2.6476996064447214
181,x_j03_p350_s07,3,350,7,16,9,109.78333333333333,120.4289898989899,0.9116022099447514,8,0.33096245080559017,2.6476996064447214
182,x_j03_p350_s08,3,350,8,17,9,109.78333333333333,120.4289898989899,0.9116022099447514,8,0.33096245080559017,2.6476996064447214
183,x_j03_p350_s09,3,350,9,18,9,109.78333333333333,120.4289898989899,0.9116022099447514,8,0.33096245080559017,2.6476996064447214
184,x_j03_p350_s10,3,350,10,19,9,109.78333333333333,120.4289898989899,0.9116022099447514,8,0.33096245080559017,2.6476996064447214
185,x_j03_p350_s11,3,350,11,20,9,109.78333333333333,120.4289898989899,0.9116022099447514,8,0.33096245080559017,2.6476996064447214
186,x_j03_p350_s12,3,350,12,21,9,109.78333333333333,120.4289898989899,0.9116022099447514,8,0.33096245080559017,2.6476996064447214
187,x_j03_p350_s13,3,350,13,22,9,109.78333333333333,120.4289898989899,0.9116022099447514,8,0.33096245080559017,2.6476996064447214
188,x_j03_p350_s14,3,350,14,23,9,109.78333333333333,120.4289898989899,0.9116022099447514,8,0.33096245080559017,2.6476996064447214
189,x_j03_p350_s15,3,350,15,24,9,109.78333333333333,120.4289898989899,0.9116022099447514,8,0.33096245080559017,2.6476996064447214
190,x_j03_p400_s00,3,400,0,8,8,109.78333333333333,109.78333333333333,1.0,8,0.3675694379147809,2.9405555033182473
191,x_j03_p400_s01,3,400,1,9,8,109.78333333333333,109.78333333333333,1.0,8,0.3675694379147809,2.9405555033182473
192,x_j03_p400_s02,3,400,2,10,8,109.78333333333333,109.78333333333333,1.0,8,0.3675694379147809,2.9405555033182473
193,x_j03_p400_s03,3,400,3,11,8,109.78333333333333,109.78333333333333,1.0,8,0.3675694379147809,2.9405555033182473
194,x_j03_p400_s04,3,400,4,12,8,109.78333333333333,109.78333333333333,1.0,8,0.3675694379147809,2.9405555033182473
195,x_j03_p400_s05,3,400,5,13,8,109.78333333333333,109.78333333333333,1.0,8,0.3675694379147809,2.9405555033182473
196,x_j03_p400_s06,3,400,6,14,8,109.78333333333333,109.78333333333333,1.0,8,0.3675694379147809,2.9405555033182473
197,x_j03_p400_s07,3,400,7,15,8,109.78333333333333,109.78333333333333,1.0,8,0.3675694379147809,2.9405555033182473
198,x_j03_p400_s08,3,400,8,16,8,109.78333333333333,109.78333333333333,1.0,8,0.3675694379147809,2.9405555033182473
199,x_j03_p400_s09,3,400,9,17,8,109.78333333333333,109.78333333333333,1.0,8,0.3675694379147809,2.9405555033182473
200,x_j03_p400_s10,3,400,10,18,8,109.78333333333333,109.78333333333333,1.0,8,0.3675694379147809,2.9405555033182473
201,x_j03_p400_s11,3,400,11,19,8,109.78333333333333,109.78333333333333,1.0,8,0.3675694379147809,2.9405555033182473
202,x_j03_p400_s12,3,400,12,20,8,109.78333333333333,109.78333333333333,1.0,8,0.3675694379147809,2.9405555033182473
203,x_j03_p400_s13,3,400,13,21,8,109.78333333333333,109.78333333333333,1.0,8,0.3675694379147809,2.9405555033182473
204,x_j03_p400_s14,3,400,14,22,8,109.78333333333333,109.78333333333333,1.0,8,0.3675694379147809,2.9405555033182473
205,x_j03_p400_s15,3,400,15,23,8,109.78333333333333,109.78333333333333,1.0,8,0.3675694379147809,2.9405555033182473
206,x_j03_p400_s16,3,400,16,24,8,109.78333333333333,109.78333333333333,1.0,8,0.3675694379147809,2.9405555033182473
207,x_j04_p250_s00,4,250,0,13,13,144.71666666666667,185.32062350119907,0.7808988764044943,8,0.2430791849170746,1.9446334793365967
208,x_j04_p250_s01,4,250,1,14,13,144.71666666666667,185.32062350119907,0.7808988764044943,8,0.2430791849170746,1.9446334793365967
209,x_j04_p250_s02,4,250,2,15,13,144.71666666666667,185.32062350119907,0.7808988764044943,8,0.2430791849170746,1.9446334793365967
210,x_j04_p250_s03,4,250,3,16,13,144.71666666666667,185.32062350119907,0.7808988764044943,8,0.2430791849170746,1.9446334793365967
211,x_j04_p250_s04,4,250,4,17,13,144.71666666666667,185.32062350119907,0.7808988764044943,8,0.2430791849170746,1.9446334793365967
212,x_j04_p250_s05,4,250,5,18,13,144.71666666666667,185.32062350119907,0.7808988764044943,8,0.2430791849170746,1.9446334793365967
213,x_j04_p250_s06,4,250,6,19,13,144.71666666666667,185.32062350119907,0.7808988764044943,8,0.2430791849170746,1.9446334793365967
214,x_j04_p250_s07,4,250,7,20,13,144.71666666666667,185.32062350119907,0.7808988764044943,8,0.2430791849170746,1.9446334793365967
215,x_j04_p250_s08,4,250,8,21,13,144.71666666666667,185.32062350119907,0.7808988764044943,8,0.2430791849170746,1.9446334793365967
216,x_j04_p250_s09,4,250,9,22,13,144.71666666666667,185.32062350119907,0.7808988764044943,8,0.2430791849170746,1.9446334793365967
217,x_j04_p250_s10,4,250,10,23,13,144.71666666666667,185.32062350119907,0.7808988764044943,8,0.2430791849170746,1.9446334793365967
218,x_j04_p250_s11,4,250,11,24,13,144.71666666666667,185.32062350119907,0.7808988764044943,8,0.2430791849170746,1.9446334793365967
219,x_j04_p300_s00,4,300,0,12,12,144.71666666666667,168.3631808278867,0.8595505617977528,8,0.28933040092053547,2.3146432073642838
220,x_j04_p300_s01,4,300,1,13,12,144.71666666666667,168.3631808278867,0.8595505617977528,8,0.28933040092053547,2.3146432073642838
221,x_j04_p300_s02,4,300,2,14,12,144.71666666666667,168.3631808278867,0.8595505617977528,8,0.28933040092053547,2.3146432073642838
222,x_j04_p300_s03,4,300,3,15,12,144.71666666666667,168.3631808278867,0.8595505617977528,8,0.28933040092053547,2.3146432073642838
223,x_j04_p300_s04,4,300,4,16,12,144.71666666666667,168.3631808278867,0.8595505617977528,8,0.28933040092053547,2.3146432073642838
224,x_j04_p300_s05,4,300,5,17,12,144.71666666666667,168.3631808278867,0.8595505617977528,8,0.28933040092053547,2.3146432073642838
225,x_j04_p300_s06,4,300,6,18,12,144.71666666666667,168.3631808278867,0.8595505617977528,8,0.28933040092053547,2.3146432073642838
226,x_j04_p300_s07,4,300,7,19,12,144.71666666666667,168.3631808278867,0.8595505617977528,8,0.28933040092053547,2.3146432073642838
227,x_j04_p300_s08,4,300,8,20,12,144.71666666666667,168.3631808278867,0.8595505617977528,8,0.28933040092053547,2.3146432073642838
228,x_j04_p300_s09,4,300,9,21,12,144.71666666666667,168.3631808278867,0.8595505617977528,8,0.28933040092053547,2.3146432073642838
229,x_j04_p300_s10,4,300,10,22,12,144.71666666666667,168.3631808278867,0.8595505617977528,8,0.28933040092053547,2.3146432073642838
230,x_j04_p300_s11,4,300,11,23,12,144.71666666666667,168.3631808278867,0.8595505617977528,8,0.28933040092053547,2.3146432073642838
231,x_j04_p300_s12,4,300,12,24,12,144.71666666666667,168.3631808278867,0.8595505617977528,8,0.28933040092053547,2.3146432073642838
232,x_j04_p350_s00,4,350,0,11,11,144.71666666666667,158.749797979798,0.9116022099447514,8,0.33096245080559017,2.6476996064447214
233,x_j04_p350_s01,4,350,1,12,11,144.71666666666667,158.749797979798,0.9116022099447514,8,0.33096245080559017,2.6476996064447214
234,x_j04_p350_s02,4,350,2,13,11,144.71666666666667,158.749797979798,0.9116022099447514,8,0.33096245080559017,2.6476996064447214
235,x_j04_p350_s03,4,350,3,14,11,144.71666666666667,158.749797979798,0.9116022099447514,8,0.33096245080559017,2.6476996064447214
236,x_j04_p350_s04,4,350,4,15,11,144.71666666666667,158.749797979798,0.9116022099447514,8,0.33096245080559017,2.6476996064447214
237,x_j04_p350_s05,4,350,5,16,11,144.71666666666667,158.749797979798,0.9116022099447514,8,0.33096245080559017,2.6476996064447214
238,x_j04_p350_s06,4,350,6,17,11,144.71666666666667,158.749797979798,0.9116022099447514,8,0.33096245080559017,2.6476996064447214
239,x_j04_p350_s07,4,350,7,18,11,144.71666666666667,158.749797979798,0.9116022099447514,8,0.33096245080559017,2.6476996064447214
240,x_j04_p350_s08,4,350,8,19,11,144.71666666666667,158.749797979798,0.9116022099447514,8,0.33096245080559017,2.6476996064447214
241,x_j04_p350_s09,4,350,9,20,11,144.71666666666667,158.749797979798,0.9116022099447514,8,0.33096245080559017,2.6476996064447214
242,x_j04_p350_s10,4,350,10,21,11,144.71666666666667,158.749797979798,0.9116022099447514,8,0.33096245080559017,2.6476996064447214
243,x_j04_p350_s11,4,350,11,22,11,144.71666666666667,158.749797979798,0.9116022099447514,8,0.33096245080559017,2.6476996064447214
244,x_j04_p350_s12,4,350,12,23,11,144.71666666666667,158.749797979798,0.9116022099447514,8,0.33096245080559017,2.6476996064447214
245,x_j04_p350_s13,4,350,13,24,11,144.71666666666667,158.749797979798,0.9116022099447514,8,0.33096245080559017,2.6476996064447214
246,x_j04_p400_s00,4,400,0,10,10,144.71666666666667,144.71666666666667,1.0,8,0.3675694379147809,2.9405555033182473
247,x_j04_p400_s01,4,400,1,11,10,144.71666666666667,144.71666666666667,1.0,8,0.3675694379147809,2.9405555033182473
248,x_j04_p400_s02,4,400,2,12,10,144.71666666666667,144.71666666666667,1.0,8,0.3675694379147809,2.9405555033182473
249,x_j04_p400_s03,4,400,3,13,10,144.71666666666667,144.71666666666667,1.0,8,0.3675694379147809,2.9405555033182473
250,x_j04_p400_s04,4,400,4,14,10,144.71666666666667,144.71666666666667,1.0,8,0.3675694379147809,2.9405555033182473
251,x_j04_p400_s05,4,400,5,15,10,144.71666666666667,144.71666666666667,1.0,8,0.3675694379147809,2.9405555033182473
252,x_j04_p400_s06,4,400,6,16,10,144.71666666666667,144.71666666666667,1.0,8,0.3675694379147809,2.9405555033182473
253,x_j04_p400_s07,4,400,7,17,10,144.71666666666667,144.71666666666667,1.0,8,0.3675694379147809,2.9405555033182473
254,x_j04_p400_s08,4,400,8,18,10,144.71666666666667,144.71666666666667,1.0,8,0.3675694379147809,2.9405555033182473
255,x_j04_p400_s09,4,400,9,19,10,144.71666666666667,144.71666666666667,1.0,8,0.3675694379147809,2.9405555033182473
256,x_j04_p400_s10,4,400,10,20,10,144.71666666666667,144.71666666666667,1.0,8,0.3675694379147809,2.9405555033182473
257,x_j04_p400_s11,4,400,11,21,10,144.71666666666667,144.71666666666667,1.0,8,0.3675694379147809,2.9405555033182473
258,x_j04_p400_s12,4,400,12,22,10,144.71666666666667,144.71666666666667,1.0,8,0.3675694379147809,2.9405555033182473
259,x_j04_p400_s13,4,400,13,23,10,144.71666666666667,144.71666666666667,1.0,8,0.3675694379147809,2.9405555033182473
260,x_j04_p400_s14,4,400,14,24,10,144.71666666666667,144.71666666666667,1.0,8,0.3675694379147809,2.9405555033182473
261,x_j05_p250_s00,5,250,0,14,14,154.35,197.65683453237412,0.7808988764044943,11,0.2430791849170746,2.6738710340878207
262,x_j05_p250_s01,5,250,1,15,14,154.35,197.65683453237412,0.7808988764044943,11,0.2430791849170746,2.6738710340878207
263,x_j05_p250_s02,5,250,2,16,14,154.35,197.65683453237412,0.7808988764044943,11,0.2430791849170746,2.6738710340878207
264,x_j05_p250_s03,5,250,3,17,14,154.35,197.65683453237412,0.7808988764044943,11,0.2430791849170746,2.6738710340878207
265,x_j05_p250_s04,5,250,4,18,14,154.35,197.65683453237412,0.7808988764044943,11,0.2430791849170746,2.6738710340878207
266,x_j05_p250_s05,5,250,5,19,14,154.35,197.65683453237412,0.7808988764044943,11,0.2430791849170746,2.6738710340878207
267,x_j05_p250_s06,5,250,6,20,14,154.35,197.65683453237412,0.7808988764044943,11,0.2430791849170746,2.6738710340878207
268,x_j05_p250_s07,5,250,7,21,14,154.35,197.65683453237412,0.7808988764044943,11,0.2430791849170746,2.6738710340878207
269,x_j05_p250_s08,5,250,8,22,14,154.35,197.65683453237412,0.7808988764044943,11,0.2430791849170746,2.6738710340878207
270,x_j05_p250_s09,5,250,9,23,14,154.35,197.65683453237412,0.7808988764044943,11,0.2430791849170746,2.6738710340878207
271,x_j05_p250_s10,5,250,10,24,14,154.35,197.65683453237412,0.7808988764044943,11,0.2430791849170746,2.6738710340878207
272,x_j05_p300_s00,5,300,0,12,12,154.35,179.5705882352941,0.8595505617977528,11,0.28933040092053547,3.1826344101258903
273,x_j05_p300_s01,5,300,1,13,12,154.35,179.5705882352941,0.8595505617977528,11,0.28933040092053547,3.1826344101258903
274,x_j05_p300_s02,5,300,2,14,12,154.35,179.5705882352941,0.8595505617977528,11,0.28933040092053547,3.1826344101258903
275,x_j05_p300_s03,5,300,3,15,12,154.35,179.5705882352941,0.8595505617977528,11,0.28933040092053547,3.1826344101258903
276,x_j05_p300_s04,5,300,4,16,12,154.35,179.5705882352941,0.8595505617977528,11,0.28933040092053547,3.1826344101258903
277,x_j05_p300_s05,5,300,5,17,12,154.35,179.5705882352941,0.8595505617977528,11,0.28933040092053547,3.1826344101258903
278,x_j05_p300_s06,5,300,6,18,12,154.35,179.5705882352941,0.8595505617977528,11,0.28933040092053547,3.1826344101258903
279,x_j05_p300_s07,5,300,7,19,12,154.35,179.5705882352941,0.8595505617977528,11,0.28933040092053547,3.1826344101258903
280,x_j05_p300_s08,5,300,8,20,12,154.35,179.5705882352941,0.8595505617977528,11,0.28933040092053547,3.1826344101258903
281,x_j05_p300_s09,5,300,9,21,12,154.35,179.5705882352941,0.8595505617977528,11,0.28933040092053547,3.1826344101258903
282,x_j05_p300_s10,5,300,10,22,12,154.35,179.5705882352941,0.8595505617977528,11,0.28933040092053547,3.1826344101258903
283,x_j05_p300_s11,5,300,11,23,12,154.35,179.5705882352941,0.8595505617977528,11,0.28933040092053547,3.1826344101258903
284,x_j05_p300_s12,5,300,12,24,12,154.35,179.5705882352941,0.8595505617977528,11,0.28933040092053547,3.1826344101258903
285,x_j05_p350_s00,5,350,0,12,12,154.35,169.31727272727272,0.9116022099447514,11,0.33096245080559017,3.640586958861492
286,x_j05_p350_s01,5,350,1,13,12,154.35,169.31727272727272,0.9116022099447514,11,0.33096245080559017,3.640586958861492
287,x_j05_p350_s02,5,350,2,14,12,154.35,169.31727272727272,0.9116022099447514,11,0.33096245080559017,3.640586958861492
288,x_j05_p350_s03,5,350,3,15,12,154.35,169.31727272727272,0.9116022099447514,11,0.33096245080559017,3.640586958861492
289,x_j05_p350_s04,5,350,4,16,12,154.35,169.31727272727272,0.9116022099447514,11,0.33096245080559017,3.640586958861492
290,x_j05_p350_s05,5,350,5,17,12,154.35,169.31727272727272,0.9116022099447514,11,0.33096245080559017,3.640586958861492
291,x_j05_p350_s06,5,350,6,18,12,154.35,169.31727272727272,0.9116022099447514,11,0.33096245080559017,3.640586958861492
292,x_j05_p350_s07,5,350,7,19,12,154.35,169.31727272727272,0.9116022099447514,11,0.33096245080559017,3.640586958861492
293,x_j05_p350_s08,5,350,8,20,12,154.35,169.31727272727272,0.9116022099447514,11,0.33096245080559017,3.640586958861492
294,x_j05_p350_s09,5,350,9,21,12,154.35,169.31727272727272,0.9116022099447514,11,0.33096245080559017,3.640586958861492
295,x_j05_p350_s10,5,350,10,22,12,154.35,169.31727272727272,0.9116022099447514,11,0.33096245080559017,3.640586958861492
296,x_j05_p350_s11,5,350,11,23,12,154.35,169.31727272727272,0.9116022099447514,11,0.33096245080559017,3.640586958861492
297,x_j05_p350_s12,5,350,12,24,12,154.35,169.31727272727272,0.9116022099447514,11,0.33096245080559017,3.640586958861492
298,x_j05_p400_s00,5,400,0,11,11,154.35,154.35,1.0,11,0.3675694379147809,4.04326381706259
299,x_j05_p400_s01,5,400,1,12,11,154.35,154.35,1.0,11,0.3675694379147809,4.04326381706259
300,x_j05_p400_s02,5,400,2,13,11,154.35,154.35,1.0,11,0.3675694379147809,4.04326381706259
301,x_j05_p400_s03,5,400,3,14,11,154.35,154.35,1.0,11,0.3675694379147809,4.04326381706259
302,x_j05_p400_s04,5,400,4,15,11,154.35,154.35,1.0,11,0.3675694379147809,4.04326381706259
303,x_j05_p400_s05,5,400,5,16,11,154.35,154.35,1.0,11,0.3675694379147809,4.04326381706259
304,x_j05_p400_s06,5,400,6,17,11,154.35,154.35,1.0,11,0.3675694379147809,4.04326381706259
305,x_j05_p400_s07,5,400,7,18,11,154.35,154.35,1.0,11,0.3675694379147809,4.04326381706259
306,x_j05_p400_s08,5,400,8,19,11,154.35,154.35,1.0,11,0.3675694379147809,4.04326381706259
307,x_j05_p400_s09,5,400,9,20,11,154.35,154.35,1.0,11,0.3675694379147809,4.04326381706259
308,x_j05_p400_s10,5,400,10,21,11,154.35,154.35,1.0,11,0.3675694379147809,4.04326381706259
309,x_j05_p400_s11,5,400,11,22,11,154.35,154.35,1.0,11,0.3675694379147809,4.04326381706259
310,x_j05_p400_s12,5,400,12,23,11,154.35,154.35,1.0,11,0.3675694379147809,4.04326381706259
311,x_j05_p400_s13,5,400,13,24,11,154.35,154.35,1.0,11,0.3675694379147809,4.04326381706259
312,x_j06_p250_s00,6,250,0,15,15,164.6,210.78273381294966,0.7808988764044943,8,0.2430791849170746,1.9446334793365967
313,x_j06_p250_s01,6,250,1,16,15,164.6,210.78273381294966,0.7808988764044943,8,0.2430791849170746,1.9446334793365967
314,x_j06_p250_s02,6,250,2,17,15,164.6,210.78273381294966,0.7808988764044943,8,0.2430791849170746,1.9446334793365967
315,x_j06_p250_s03,6,250,3,18,15,164.6,210.78273381294966,0.7808988764044943,8,0.2430791849170746,1.9446334793365967
316,x_j06_p250_s04,6,250,4,19,15,164.6,210.78273381294966,0.7808988764044943,8,0.2430791849170746,1.9446334793365967
317,x_j06_p250_s05,6,250,5,20,15,164.6,210.78273381294966,0.7808988764044943,8,0.2430791849170746,1.9446334793365967
318,x_j06_p250_s06,6,250,6,21,15,164.6,210.78273381294966,0.7808988764044943,8,0.2430791849170746,1.9446334793365967
319,x_j06_p250_s07,6,250,7,22,15,164.6,210.78273381294966,0.7808988764044943,8,0.2430791849170746,1.9446334793365967
320,x_j06_p250_s08,6,250,8,23,15,164.6,210.78273381294966,0.7808988764044943,8,0.2430791849170746,1.9446334793365967
321,x_j06_p250_s09,6,250,9,24,15,164.6,210.78273381294966,0.7808988764044943,8,0.2430791849170746,1.9446334793365967
322,x_j06_p300_s00,6,300,0,13,13,164.6,191.4954248366013,0.8595505617977528,8,0.28933040092053547,2.3146432073642838
323,x_j06_p300_s01,6,300,1,14,13,164.6,191.4954248366013,0.8595505617977528,8,0.28933040092053547,2.3146432073642838
324,x_j06_p300_s02,6,300,2,15,13,164.6,191.4954248366013,0.8595505617977528,8,0.28933040092053547,2.3146432073642838
325,x_j06_p300_s03,6,300,3,16,13,164.6,191.4954248366013,0.8595505617977528,8,0.28933040092053547,2.3146432073642838
326,x_j06_p300_s04,6,300,4,17,13,164.6,191.4954248366013,0.8595505617977528,8,0.28933040092053547,2.3146432073642838
327,x_j06_p300_s05,6,300,5,18,13,164.6,191.4954248366013,0.8595505617977528,8,0.28933040092053547,2.3146432073642838
328,x_j06_p300_s06,6,300,6,19,13,164.6,191.4954248366013,0.8595505617977528,8,0.28933040092053547,2.3146432073642838
329,x_j06_p300_s07,6,300,7,20,13,164.6,191.4954248366013,0.8595505617977528,8,0.28933040092053547,2.3146432073642838
330,x_j06_p300_s08,6,300,8,21,13,164.6,191.4954248366013,0.8595505617977528,8,0.28933040092053547,2.3146432073642838
331,x_j06_p300_s09,6,300,9,22,13,164.6,191.4954248366013,0.8595505617977528,8,0.28933040092053547,2.3146432073642838
332,x_j06_p300_s10,6,300,10,23,13,164.6,191.4954248366013,0.8595505617977528,8,0.28933040092053547,2.3146432073642838
333,x_j06_p300_s11,6,300,11,24,13,164.6,191.4954248366013,0.8595505617977528,8,0.28933040092053547,2.3146432073642838
334,x_j06_p350_s00,6,350,0,13,13,164.6,180.56121212121212,0.9116022099447514,8,0.33096245080559017,2.6476996064447214
335,x_j06_p350_s01,6,350,1,14,13,164.6,180.56121212121212,0.9116022099447514,8,0.33096245080559017,2.6476996064447214
336,x_j06_p350_s02,6,350,2,15,13,164.6,180.56121212121212,0.9116022099447514,8,0.33096245080559017,2.6476996064447214
337,x_j06_p350_s03,6,350,3,16,13,164.6,180.56121212121212,0.9116022099447514,8,0.33096245080559017,2.6476996064447214
338,x_j06_p350_s04,6,350,4,17,13,164.6,180.56121212121212,0.9116022099447514,8,0.33096245080559017,2.6476996064447214
339,x_j06_p350_s05,6,350,5,18,13,164.6,180.56121212121212,0.9116022099447514,8,0.33096245080559017,2.6476996064447214
340,x_j06_p350_s06,6,350,6,19,13,164.6,180.56121212121212,0.9116022099447514,8,0.33096245080559017,2.6476996064447214
341,x_j06_p350_s07,6,350,7,20,13,164.6,180.56121212121212,0.9116022099447514,8,0.33096245080559017,2.6476996064447214
342,x_j06_p350_s08,6,350,8,21,13,164.6,180.56121212121212,0.9116022099447514,8,0.33096245080559017,2.6476996064447214
343,x_j06_p350_s09,6,350,9,22,13,164.6,180.56121212121212,0.9116022099447514,8,0.33096245080559017,2.6476996064447214
344,x_j06_p350_s10,6,350,10,23,13,164.6,180.56121212121212,0.9116022099447514,8,0.33096245080559017,2.6476996064447214
345,x_j06_p350_s11,6,350,11,24,13,164.6,180.56121212121212,0.9116022099447514,8,0.33096245080559017,2.6476996064447214
346,x_j06_p400_s00,6,400,0,11,11,164.6,164.6,1.0,8,0.3675694379147809,2.9405555033182473
347,x_j06_p400_s01,6,400,1,12,11,164.6,164.6,1.0,8,0.3675694379147809,2.9405555033182473
348,x_j06_p400_s02,6,400,2,13,11,164.6,164.6,1.0,8,0.3675694379147809,2.9405555033182473
349,x_j06_p400_s03,6,400,3,14,11,164.6,164.6,1.0,8,0.3675694379147809,2.9405555033182473
350,x_j06_p400_s04,6,400,4,15,11,164.6,164.6,1.0,8,0.3675694379147809,2.9405555033182473
351,x_j06_p400_s05,6,400,5,16,11,164.6,164.6,1.0,8,0.3675694379147809,2.9405555033182473
352,x_j06_p400_s06,6,400,6,17,11,164.6,164.6,1.0,8,0.3675694379147809,2.9405555033182473
353,x_j06_p400_s07,6,400,7,18,11,164.6,164.6,1.0,8,0.3675694379147809,2.9405555033182473
354,x_j06_p400_s08,6,400,8,19,11,164.6,164.6,1.0,8,0.3675694379147809,2.9405555033182473
355,x_j06_p400_s09,6,400,9,20,11,164.6,164.6,1.0,8,0.3675694379147809,2.9405555033182473
356,x_j06_p400_s10,6,400,10,21,11,164.6,164.6,1.0,8,0.3675694379147809,2.9405555033182473
357,x_j06_p400_s11,6,400,11,22,11,164.6,164.6,1.0,8,0.3675694379147809,2.9405555033182473
358,x_j06_p400_s12,6,400,12,23,11,164.6,164.6,1.0,8,0.3675694379147809,2.9405555033182473
359,x_j06_p400_s13,6,400,13,24,11,164.6,164.6,1.0,8,0.3675694379147809,2.9405555033182473
360,x_j07_p250_s00,7,250,0,8,8,92.91666666666667,118.98681055155878,0.7808988764044943,13,0.2430791849170746,3.1600294039219694
361,x_j07_p250_s01,7,250,1,9,8,92.91666666666667,118.98681055155878,0.7808988764044943,13,0.2430791849170746,3.1600294039219694
362,x_j07_p250_s02,7,250,2,10,8,92.91666666666667,118.98681055155878,0.7808988764044943,13,0.2430791849170746,3.1600294039219694
363,x_j07_p250_s03,7,250,3,11,8,92.91666666666667,118.98681055155878,0.7808988764044943,13,0.2430791849170746,3.1600294039219694
364,x_j07_p250_s04,7,250,4,12,8,92.91666666666667,118.98681055155878,0.7808988764044943,13,0.2430791849170746,3.1600294039219694
365,x_j07_p250_s05,7,250,5,13,8,92.91666666666667,118.98681055155878,0.7808988764044943,13,0.2430791849170746,3.1600294039219694
366,x_j07_p250_s06,7,250,6,14,8,92.91666666666667,118.98681055155878,0.7808988764044943,13,0.2430791849170746,3.1600294039219694
367,x_j07_p250_s07,7,250,7,15,8,92.91666666666667,118.98681055155878,0.7808988764044943,13,0.2430791849170746,3.1600294039219694
368,x_j07_p250_s08,7,250,8,16,8,92.91666666666667,118.98681055155878,0.7808988764044943,13,0.2430791849170746,3.1600294039219694
369,x_j07_p250_s09,7,250,9,17,8,92.91666666666667,118.98681055155878,0.7808988764044943,13,0.2430791849170746,3.1600294039219694
370,x_j07_p250_s10,7,250,10,18,8,92.91666666666667,118.98681055155878,0.7808988764044943,13,0.2430791849170746,3.1600294039219694
371,x_j07_p250_s11,7,250,11,19,8,92.91666666666667,118.98681055155878,0.7808988764044943,13,0.2430791849170746,3.1600294039219694
372,x_j07_p250_s12,7,250,12,20,8,92.91666666666667,118.98681055155878,0.7808988764044943,13,0.2430791849170746,3.1600294039219694
373,x_j07_p250_s13,7,250,13,21,8,92.91666666666667,118.98681055155878,0.7808988764044943,13,0.2430791849170746,3.1600294039219694
374,x_j07_p250_s14,7,250,14,22,8,92.91666666666667,118.98681055155878,0.7808988764044943,13,0.2430791849170746,3.1600294039219694
375,x_j07_p250_s15,7,250,15,23,8,92.91666666666667,118.98681055155878,0.7808988764044943,13,0.2430791849170746,3.1600294039219694
376,x_j07_p250_s16,7,250,16,24,8,92.91666666666667,118.98681055155878,0.7808988764044943,13,0.2430791849170746,3.1600294039219694
377,x_j07_p300_s00,7,300,0,8,8,92.91666666666667,108.09912854030502,0.8595505617977528,13,0.28933040092053547,3.761295211966961
378,x_j07_p300_s01,7,300,1,9,8,92.91666666666667,108.09912854030502,0.8595505617977528,13,0.28933040092053547,3.761295211966961
379,x_j07_p300_s02,7,300,2,10,8,92.91666666666667,108.09912854030502,0.8595505617977528,13,0.28933040092053547,3.761295211966961
380,x_j07_p300_s03,7,300,3,11,8,92.91666666666667,108.09912854030502,0.8595505617977528,13,0.28933040092053547,3.761295211966961
381,x_j07_p300_s04,7,300,4,12,8,92.91666666666667,108.09912854030502,0.8595505617977528,13,0.28933040092053547,3.761295211966961
382,x_j07_p300_s05,7,300,5,13,8,92.91666666666667,108.09912854030502,0.8595505617977528,13,0.28933040092053547,3.761295211966961
383,x_j07_p300_s06,7,300,6,14,8,92.91666666666667,108.09912854030502,0.8595505617977528,13,0.28933040092053547,3.761295211966961
384,x_j07_p300_s07,7,300,7,15,8,92.91666666666667,108.09912854030502,0.8595505617977528,13,0.28933040092053547,3.761295211966961
385,x_j07_p300_s08,7,300,8,16,8,92.91666666666667,108.09912854030502,0.8595505617977528,13,0.28933040092053547,3.761295211966961
386,x_j07_p300_s09,7,300,9,17,8,92.91666666666667,108.09912854030502,0.8595505617977528,13,0.28933040092053547,3.761295211966961
387,x_j07_p300_s10,7,300,10,18,8,92.91666666666667,108.09912854030502,0.8595505617977528,13,0.28933040092053547,3.761295211966961
388,x_j07_p300_s11,7,300,11,19,8,92.91666666666667,108.09912854030502,0.8595505617977528,13,0.28933040092053547,3.761295211966961
389,x_j07_p300_s12,7,300,12,20,8,92.91666666666667,108.09912854030502,0.8595505617977528,13,0.28933040092053547,3.761295211966961
390,x_j07_p300_s13,7,300,13,21,8,92.91666666666667,108.09912854030502,0.8595505617977528,13,0.28933040092053547,3.761295211966961
391,x_j07_p300_s14,7,300,14,22,8,92.91666666666667,108.09912854030502,0.8595505617977528,13,0.28933040092053547,3.761295211966961
392,x_j07_p300_s15,7,300,15,23,8,92.91666666666667,108.09912854030502,0.8595505617977528,13,0.28933040092053547,3.761295211966961
393,x_j07_p300_s16,7,300,16,24,8,92.91666666666667,108.09912854030502,0.8595505617977528,13,0.28933040092053547,3.761295211966961
394,x_j07_p350_s00,7,350,0,7,7,92.91666666666667,101.92676767676768,0.9116022099447514,13,0.33096245080559017,4.302511860472672
395,x_j07_p350_s01,7,350,1,8,7,92.91666666666667,101.92676767676768,0.9116022099447514,13,0.33096245080559017,4.302511860472672
396,x_j07_p350_s02,7,350,2,9,7,92.91666666666667,101.92676767676768,0.9116022099447514,13,0.33096245080559017,4.302511860472672
397,x_j07_p350_s03,7,350,3,10,7,92.91666666666667,101.92676767676768,0.9116022099447514,13,0.33096245080559017,4.302511860472672
398,x_j07_p350_s04,7,350,4,11,7,92.91666666666667,101.92676767676768,0.9116022099447514,13,0.33096245080559017,4.302511860472672
399,x_j07_p350_s05,7,350,5,12,7,92.91666666666667,101.92676767676768,0.9116022099447514,13,0.33096245080559017,4.302511860472672
400,x_j07_p350_s06,7,350,6,13,7,92.91666666666667,101.92676767676768,0.9116022099447514,13,0.33096245080559017,4.302511860472672
401,x_j07_p350_s07,7,350,7,14,7,92.91666666666667,101.92676767676768,0.9116022099447514,13,0.33096245080559017,4.302511860472672
402,x_j07_p350_s08,7,350,8,15,7,92.91666666666667,101.92676767676768,0.9116022099447514,13,0.33096245080559017,4.302511860472672
403,x_j07_p350_s09,7,350,9,16,7,92.91666666666667,101.92676767676768,0.9116022099447514,13,0.33096245080559017,4.302511860472672
404,x_j07_p350_s10,7,350,10,17,7,92.91666666666667,101.92676767676768,0.9116022099447514,13,0.33096245080559017,4.302511860472672
405,x_j07_p350_s11,7,350,11,18,7,92.91666666666667,101.92676767676768,0.9116022099447514,13,0.33096245080559017,4.302511860472672
406,x_j07_p350_s12,7,350,12,19,7,92.91666666666667,101.92676767676768,0.9116022099447514,13,0.33096245080559017,4.302511860472672
407,x_j07_p350_s13,7,350,13,20,7,92.91666666666667,101.92676767676768,0.9116022099447514,13,0.33096245080559017,4.302511860472672
408,x_j07_p350_s14,7,350,14,21,7,92.91666666666667,101.92676767676768,0.9116022099447514,13,0.33096245080559017,4.302511860472672
409,x_j07_p350_s15,7,350,15,22,7,92.91666666666667,101.92676767676768,0.9116022099447514,13,0.33096245080559017,4.302511860472672
410,x_j07_p350_s16,7,350,16,23,7,92.91666666666667,101.92676767676768,0.9116022099447514,13,0.33096245080559017,4.302511860472672
411,x_j07_p350_s17,7,350,17,24,7,92.91666666666667,101.92676767676768,0.9116022099447514,13,0.33096245080559017,4.302511860472672
412,x_j07_p400_s00,7,400,0,7,7,92.91666666666667,92.91666666666667,1.0,13,0.3675694379147809,4.778402692892152
413,x_j07_p400_s01,7,400,1,8,7,92.91666666666667,92.91666666666667,1.0,13,0.3675694379147809,4.778402692892152
414,x_j07_p400_s02,7,400,2,9,7,92.91666666666667,92.91666666666667,1.0,13,0.3675694379147809,4.778402692892152
415,x_j07_p400_s03,7,400,3,10,7,92.91666666666667,92.91666666666667,1.0,13,0.3675694379147809,4.778402692892152
416,x_j07_p400_s04,7,400,4,11,7,92.91666666666667,92.91666666666667,1.0,13,0.3675694379147809,4.778402692892152
417,x_j07_p400_s05,7,400,5,12,7,92.91666666666667,92.91666666666667,1.0,13,0.3675694379147809,4.778402692892152
418,x_j07_p400_s06,7,400,6,13,7,92.91666666666667,92.91666666666667,1.0,13,0.3675694379147809,4.778402692892152
419,x_j07_p400_s07,7,400,7,14,7,92.91666666666667,92.91666666666667,1.0,13,0.3675694379147809,4.778402692892152
420,x_j07_p400_s08,7,400,8,15,7,92.91666666666667,92.91666666666667,1.0,13,0.3675694379147809,4.778402692892152
421,x_j07_p400_s09,7,400,9,16,7,92.91666666666667,92.91666666666667,1.0,13,0.3675694379147809,4.778402692892152
422,x_j07_p400_s10,7,400,10,17,7,92.91666666666667,92.91666666666667,1.0,13,0.3675694379147809,4.778402692892152
423,x_j07_p400_s11,7,400,11,18,7,92.91666666666667,92.91666666666667,1.0,13,0.3675694379147809,4.778402692892152
424,x_j07_p400_s12,7,400,12,19,7,92.91666666666667,92.91666666666667,1.0,13,0.3675694379147809,4.778402692892152
425,x_j07_p400_s13,7,400,13,20,7,92.91666666666667,92.91666666666667,1.0,13,0.3675694379147809,4.778402692892152
426,x_j07_p400_s14,7,400,14,21,7,92.91666666666667,92.91666666666667,1.0,13,0.3675694379147809,4.778402692892152
427,x_j07_p400_s15,7,400,15,22,7,92.91666666666667,92.91666666666667,1.0,13,0.3675694379147809,4.778402692892152
428,x_j07_p400_s16,7,400,16,23,7,92.91666666666667,92.91666666666667,1.0,13,0.3675694379147809,4.778402692892152
429,x_j07_p400_s17,7,400,17,24,7,92.91666666666667,92.91666666666667,1.0,13,0.3675694379147809,4.778402692892152
430,x_j08_p250_s00,8,250,0,14,14,154.9,198.36115107913673,0.7808988764044943,16,0.2430791849170746,3.8892669586731934
431,x_j08_p250_s01,8,250,1,15,14,154.9,198.36115107913673,0.7808988764044943,16,0.2430791849170746,3.8892669586731934
432,x_j08_p250_s02,8,250,2,16,14,154.9,198.36115107913673,0.7808988764044943,16,0.2430791849170746,3.8892669586731934
433,x_j08_p250_s03,8,250,3,17,14,154.9,198.36115107913673,0.7808988764044943,16,0.2430791849170746,3.8892669586731934
434,x_j08_p250_s04,8,250,4,18,14,154.9,198.36115107913673,0.7808988764044943,16,0.2430791849170746,3.8892669586731934
435,x_j08_p250_s05,8,250,5,19,14,154.9,198.36115107913673,0.7808988764044943,16,0.2430791849170746,3.8892669586731934
436,x_j08_p250_s06,8,250,6,20,14,154.9,198.36115107913673,0.7808988764044943,16,0.2430791849170746,3.8892669586731934
437,x_j08_p250_s07,8,250,7,21,14,154.9,198.36115107913673,0.7808988764044943,16,0.2430791849170746,3.8892669586731934
438,x_j08_p250_s08,8,250,8,22,14,154.9,198.36115107913673,0.7808988764044943,16,0.2430791849170746,3.8892669586731934
439,x_j08_p250_s09,8,250,9,23,14,154.9,198.36115107913673,0.7808988764044943,16,0.2430791849170746,3.8892669586731934
440,x_j08_p250_s10,8,250,10,24,14,154.9,198.36115107913673,0.7808988764044943,16,0.2430791849170746,3.8892669586731934
441,x_j08_p300_s00,8,300,0,13,13,154.9,180.2104575163399,0.8595505617977528,16,0.28933040092053547,4.6292864147285675
442,x_j08_p300_s01,8,300,1,14,13,154.9,180.2104575163399,0.8595505617977528,16,0.28933040092053547,4.6292864147285675
443,x_j08_p300_s02,8,300,2,15,13,154.9,180.2104575163399,0.8595505617977528,16,0.28933040092053547,4.6292864147285675
444,x_j08_p300_s03,8,300,3,16,13,154.9,180.2104575163399,0.8595505617977528,16,0.28933040092053547,4.6292864147285675
445,x_j08_p300_s04,8,300,4,17,13,154.9,180.2104575163399,0.8595505617977528,16,0.28933040092053547,4.6292864147285675
446,x_j08_p300_s05,8,300,5,18,13,154.9,180.2104575163399,0.8595505617977528,16,0.28933040092053547,4.6292864147285675
447,x_j08_p300_s06,8,300,6,19,13,154.9,180.2104575163399,0.8595505617977528,16,0.28933040092053547,4.6292864147285675
448,x_j08_p300_s07,8,300,7,20,13,154.9,180.2104575163399,0.8595505617977528,16,0.28933040092053547,4.6292864147285675
449,x_j08_p300_s08,8,300,8,21,13,154.9,180.2104575163399,0.8595505617977528,16,0.28933040092053547,4.6292864147285675
450,x_j08_p300_s09,8,300,9,22,13,154.9,180.2104575163399,0.8595505617977528,16,0.28933040092053547,4.6292864147285675
451,x_j08_p300_s10,8,300,10,23,13,154.9,180.2104575163399,0.8595505617977528,16,0.28933040092053547,4.6292864147285675
452,x_j08_p300_s11,8,300,11,24,13,154.9,180.2104575163399,0.8595505617977528,16,0.28933040092053547,4.6292864147285675
453,x_j08_p350_s00,8,350,0,12,12,154.9,169.92060606060608,0.9116022099447514,16,0.33096245080559017,5.295399212889443
454,x_j08_p350_s01,8,350,1,13,12,154.9,169.92060606060608,0.9116022099447514,16,0.33096245080559017,5.295399212889443
455,x_j08_p350_s02,8,350,2,14,12,154.9,169.92060606060608,0.9116022099447514,16,0.33096245080559017,5.295399212889443
456,x_j08_p350_s03,8,350,3,15,12,154.9,169.92060606060608,0.9116022099447514,16,0.33096245080559017,5.295399212889443
457,x_j08_p350_s04,8,350,4,16,12,154.9,169.92060606060608,0.9116022099447514,16,0.33096245080559017,5.295399212889443
458,x_j08_p350_s05,8,350,5,17,12,154.9,169.92060606060608,0.9116022099447514,16,0.33096245080559017,5.295399212889443
459,x_j08_p350_s06,8,350,6,18,12,154.9,169.92060606060608,0.9116022099447514,16,0.33096245080559017,5.295399212889443
460,x_j08_p350_s07,8,350,7,19,12,154.9,169.92060606060608,0.9116022099447514,16,0.33096245080559017,5.295399212889443
461,x_j08_p350_s08,8,350,8,20,12,154.9,169.92060606060608,0.9116022099447514,16,0.33096245080559017,5.295399212889443
462,x_j08_p350_s09,8,350,9,21,12,154.9,169.92060606060608,0.9116022099447514,16,0.33096245080559017,5.295399212889443
463,x_j08_p350_s10,8,350,10,22,12,154.9,169.92060606060608,0.9116022099447514,16,0.33096245080559017,5.295399212889443
464,x_j08_p350_s11,8,350,11,23,12,154.9,169.92060606060608,0.9116022099447514,16,0.33096245080559017,5.295399212889443
465,x_j08_p350_s12,8,350,12,24,12,154.9,169.92060606060608,0.9116022099447514,16,0.33096245080559017,5.295399212889443
466,x_j08_p400_s00,8,400,0,11,11,154.9,154.9,1.0,16,0.3675694379147809,5.881111006636495
467,x_j08_p400_s01,8,400,1,12,11,154.9,154.9,1.0,16,0.3675694379147809,5.881111006636495
468,x_j08_p400_s02,8,400,2,13,11,154.9,154.9,1.0,16,0.3675694379147809,5.881111006636495
469,x_j08_p400_s03,8,400,3,14,11,154.9,154.9,1.0,16,0.3675694379147809,5.881111006636495
470,x_j08_p400_s04,8,400,4,15,11,154.9,154.9,1.0,16,0.3675694379147809,5.881111006636495
471,x_j08_p400_s05,8,400,5,16,11,154.9,154.9,1.0,16,0.3675694379147809,5.881111006636495
472,x_j08_p400_s06,8,400,6,17,11,154.9,154.9,1.0,16,0.3675694379147809,5.881111006636495
473,x_j08_p400_s07,8,400,7,18,11,154.9,154.9,1.0,16,0.3675694379147809,5.881111006636495
474,x_j08_p400_s08,8,400,8,19,11,154.9,154.9,1.0,16,0.3675694379147809,5.881111006636495
475,x_j08_p400_s09,8,400,9,20,11,154.9,154.9,1.0,16,0.3675694379147809,5.881111006636495
476,x_j08_p400_s10,8,400,10,21,11,154.9,154.9,1.0,16,0.3675694379147809,5.881111006636495
477,x_j08_p400_s11,8,400,11,22,11,154.9,154.9,1.0,16,0.3675694379147809,5.881111006636495
478,x_j08_p400_s12,8,400,12,23,11,154.9,154.9,1.0,16,0.3675694379147809,5.881111006636495
479,x_j08_p400_s13,8,400,13,24,11,154.9,154.9,1.0,16,0.3675694379147809,5.881111006636495
480,x_j09_p250_s00,9,250,0,15,15,175.51666666666668,224.7623501199041,0.7808988764044943,16,0.2430791849170746,3.8892669586731934
481,x_j09_p250_s01,9,250,1,16,15,175.51666666666668,224.7623501199041,0.7808988764044943,16,0.2430791849170746,3.8892669586731934
482,x_j09_p250_s02,9,250,2,17,15,175.51666666666668,224.7623501199041,0.7808988764044943,16,0.2430791849170746,3.8892669586731934
483,x_j09_p250_s03,9,250,3,18,15,175.51666666666668,224.7623501199041,0.7808988764044943,16,0.2430791849170746,3.8892669586731934
484,x_j09_p250_s04,9,250,4,19,15,175.51666666666668,224.7623501199041,0.7808988764044943,16,0.2430791849170746,3.8892669586731934
485,x_j09_p250_s05,9,250,5,20,15,175.51666666666668,224.7623501199041,0.7808988764044943,16,0.2430791849170746,3.8892669586731934
486,x_j09_p250_s06,9,250,6,21,15,175.51666666666668,224.7623501199041,0.7808988764044943,16,0.2430791849170746,3.8892669586731934
487,x_j09_p250_s07,9,250,7,22,15,175.51666666666668,224.7623501199041,0.7808988764044943,16,0.2430791849170746,3.8892669586731934
488,x_j09_p250_s08,9,250,8,23,15,175.51666666666668,224.7623501199041,0.7808988764044943,16,0.2430791849170746,3.8892669586731934
489,x_j09_p250_s09,9,250,9,24,15,175.51666666666668,224.7623501199041,0.7808988764044943,16,0.2430791849170746,3.8892669586731934
490,x_j09_p300_s00,9,300,0,14,14,175.51666666666668,204.19586056644883,0.8595505617977528,16,0.28933040092053547,4.6292864147285675
491,x_j09_p300_s01,9,300,1,15,14,175.51666666666668,204.19586056644883,0.8595505617977528,16,0.28933040092053547,4.6292864147285675
492,x_j09_p300_s02,9,300,2,16,14,175.51666666666668,204.19586056644883,0.8595505617977528,16,0.28933040092053547,4.6292864147285675
493,x_j09_p300_s03,9,300,3,17,14,175.51666666666668,204.19586056644883,0.8595505617977528,16,0.28933040092053547,4.6292864147285675
494,x_j09_p300_s04,9,300,4,18,14,175.51666666666668,204.19586056644883,0.8595505617977528,16,0.28933040092053547,4.6292864147285675
495,x_j09_p300_s05,9,300,5,19,14,175.51666666666668,204.19586056644883,0.8595505617977528,16,0.28933040092053547,4.6292864147285675
496,x_j09_p300_s06,9,300,6,20,14,175.51666666666668,204.19586056644883,0.8595505617977528,16,0.28933040092053547,4.6292864147285675
497,x_j09_p300_s07,9,300,7,21,14,175.51666666666668,204.19586056644883,0.8595505617977528,16,0.28933040092053547,4.6292864147285675
498,x_j09_p300_s08,9,300,8,22,14,175.51666666666668,204.19586056644883,0.8595505617977528,16,0.28933040092053547,4.6292864147285675
499,x_j09_p300_s09,9,300,9,23,14,175.51666666666668,204.19586056644883,0.8595505617977528,16,0.28933040092053547,4.6292864147285675
500,x_j09_p300_s10,9,300,10,24,14,175.51666666666668,204.19586056644883,0.8595505617977528,16,0.28933040092053547,4.6292864147285675
501,x_j09_p350_s00,9,350,0,13,13,175.51666666666668,192.53646464646465,0.9116022099447514,16,0.33096245080559017,5.295399212889443
502,x_j09_p350_s01,9,350,1,14,13,175.51666666666668,192.53646464646465,0.9116022099447514,16,0.33096245080559017,5.295399212889443
503,x_j09_p350_s02,9,350,2,15,13,175.51666666666668,192.53646464646465,0.9116022099447514,16,0.33096245080559017,5.295399212889443
504,x_j09_p350_s03,9,350,3,16,13,175.51666666666668,192.53646464646465,0.9116022099447514,16,0.33096245080559017,5.295399212889443
505,x_j09_p350_s04,9,350,4,17,13,175.51666666666668,192.53646464646465,0.9116022099447514,16,0.33096245080559017,5.295399212889443
506,x_j09_p350_s05,9,350,5,18,13,175.51666666666668,192.53646464646465,0.9116022099447514,16,0.33096245080559017,5.295399212889443
507,x_j09_p350_s06,9,350,6,19,13,175.51666666666668,192.53646464646465,0.9116022099447514,16,0.33096245080559017,5.295399212889443
508,x_j09_p350_s07,9,350,7,20,13,175.51666666666668,192.53646464646465,0.9116022099447514,16,0.33096245080559017,5.295399212889443
509,x_j09_p350_s08,9,350,8,21,13,175.51666666666668,192.53646464646465,0.9116022099447514,16,0.33096245080559017,5.295399212889443
510,x_j09_p350_s09,9,350,9,22,13,175.51666666666668,192.53646464646465,0.9116022099447514,16,0.33096245080559017,5.295399212889443
511,x_j09_p350_s10,9,350,10,23,13,175.51666666666668,192.53646464646465,0.9116022099447514,16,0.33096245080559017,5.295399212889443
512,x_j09_p350_s11,9,350,11,24,13,175.51666666666668,192.53646464646465,0.9116022099447514,16,0.33096245080559017,5.295399212889443
513,x_j09_p400_s00,9,400,0,12,12,175.51666666666668,175.51666666666668,1.0,16,0.3675694379147809,5.881111006636495
514,x_j09_p400_s01,9,400,1,13,12,175.51666666666668,175.51666666666668,1.0,16,0.3675694379147809,5.881111006636495
515,x_j09_p400_s02,9,400,2,14,12,175.51666666666668,175.51666666666668,1.0,16,0.3675694379147809,5.881111006636495
516,x_j09_p400_s03,9,400,3,15,12,175.51666666666668,175.51666666666668,1.0,16,0.3675694379147809,5.881111006636495
517,x_j09_p400_s04,9,400,4,16,12,175.51666666666668,175.51666666666668,1.0,16,0.3675694379147809,5.881111006636495
518,x_j09_p400_s05,9,400,5,17,12,175.51666666666668,175.51666666666668,1.0,16,0.3675694379147809,5.881111006636495
519,x_j09_p400_s06,9,400,6,18,12,175.51666666666668,175.51666666666668,1.0,16,0.3675694379147809,5.881111006636495
520,x_j09_p400_s07,9,400,7,19,12,175.51666666666668,175.51666666666668,1.0,16,0.3675694379147809,5.881111006636495
521,x_j09_p400_s08,9,400,8,20,12,175.51666666666668,175.51666666666668,1.0,16,0.3675694379147809,5.881111006636495
522,x_j09_p400_s09,9,400,9,21,12,175.51666666666668,175.51666666666668,1.0,16,0.3675694379147809,5.881111006636495
523,x_j09_p400_s10,9,400,10,22,12,175.51666666666668,175.51666666666668,1.0,16,0.3675694379147809,5.881111006636495
524,x_j09_p400_s11,9,400,11,23,12,175.51666666666668,175.51666666666668,1.0,16,0.3675694379147809,5.881111006636495
525,x_j09_p400_s12,9,400,12,24,12,175.51666666666668,175.51666666666668,1.0,16,0.3675694379147809,5.881111006636495
526,x_j10_p250_s00,10,250,0,15,15,175.28333333333333,224.46354916067148,0.7808988764044943,8,0.2430791849170746,1.9446334793365967
527,x_j10_p250_s01,10,250,1,16,15,175.28333333333333,224.46354916067148,0.7808988764044943,8,0.2430791849170746,1.9446334793365967
528,x_j10_p250_s02,10,250,2,17,15,175.28333333333333,224.46354916067148,0.7808988764044943,8,0.2430791849170746,1.9446334793365967
529,x_j10_p250_s03,10,250,3,18,15,175.28333333333333,224.46354916067148,0.7808988764044943,8,0.2430791849170746,1.9446334793365967
530,x_j10_p250_s04,10,250,4,19,15,175.28333333333333,224.46354916067148,0.7808988764044943,8,0.2430791849170746,1.9446334793365967
531,x_j10_p250_s05,10,250,5,20,15,175.28333333333333,224.46354916067148,0.7808988764044943,8,0.2430791849170746,1.9446334793365967
532,x_j10_p250_s06,10,250,6,21,15,175.28333333333333,224.46354916067148,0.7808988764044943,8,0.2430791849170746,1.9446334793365967
533,x_j10_p250_s07,10,250,7,22,15,175.28333333333333,224.46354916067148,0.7808988764044943,8,0.2430791849170746,1.9446334793365967
534,x_j10_p250_s08,10,250,8,23,15,175.28333333333333,224.46354916067148,0.7808988764044943,8,0.2430791849170746,1.9446334793365967
535,x_j10_p250_s09,10,250,9,24,15,175.28333333333333,224.46354916067148,0.7808988764044943,8,0.2430791849170746,1.9446334793365967
536,x_j10_p300_s00,10,300,0,14,14,175.28333333333333,203.92440087145968,0.8595505617977528,8,0.28933040092053547,2.3146432073642838
537,x_j10_p300_s01,10,300,1,15,14,175.28333333333333,203.92440087145968,0.8595505617977528,8,0.28933040092053547,2.3146432073642838
538,x_j10_p300_s02,10,300,2,16,14,175.28333333333333,203.92440087145968,0.8595505617977528,8,0.28933040092053547,2.3146432073642838
539,x_j10_p300_s03,10,300,3,17,14,175.28333333333333,203.92440087145968,0.8595505617977528,8,0.28933040092053547,2.3146432073642838
540,x_j10_p300_s04,10,300,4,18,14,175.28333333333333,203.92440087145968,0.8595505617977528,8,0.28933040092053547,2.3146432073642838
541,x_j10_p300_s05,10,300,5,19,14,175.28333333333333,203.92440087145968,0.8595505617977528,8,0.28933040092053547,2.3146432073642838
542,x_j10_p300_s06,10,300,6,20,14,175.28333333333333,203.92440087145968,0.8595505617977528,8,0.28933040092053547,2.3146432073642838
543,x_j10_p300_s07,10,300,7,21,14,175.28333333333333,203.92440087145968,0.8595505617977528,8,0.28933040092053547,2.3146432073642838
544,x_j10_p300_s08,10,300,8,22,14,175.28333333333333,203.92440087145968,0.8595505617977528,8,0.28933040092053547,2.3146432073642838
545,x_j10_p300_s09,10,300,9,23,14,175.28333333333333,203.92440087145968,0.8595505617977528,8,0.28933040092053547,2.3146432073642838
546,x_j10_p300_s10,10,300,10,24,14,175.28333333333333,203.92440087145968,0.8595505617977528,8,0.28933040092053547,2.3146432073642838
547,x_j10_p350_s00,10,350,0,13,13,175.28333333333333,192.28050505050504,0.9116022099447514,8,0.33096245080559017,2.6476996064447214
548,x_j10_p350_s01,10,350,1,14,13,175.28333333333333,192.28050505050504,0.9116022099447514,8,0.33096245080559017,2.6476996064447214
549,x_j10_p350_s02,10,350,2,15,13,175.28333333333333,192.28050505050504,0.9116022099447514,8,0.33096245080559017,2.6476996064447214
550,x_j10_p350_s03,10,350,3,16,13,175.28333333333333,192.28050505050504,0.9116022099447514,8,0.33096245080559017,2.6476996064447214
551,x_j10_p350_s04,10,350,4,17,13,175.28333333333333,192.28050505050504,0.9116022099447514,8,0.33096245080559017,2.6476996064447214
552,x_j10_p350_s05,10,350,5,18,13,175.28333333333333,192.28050505050504,0.9116022099447514,8,0.33096245080559017,2.6476996064447214
553,x_j10_p350_s06,10,350,6,19,13,175.28333333333333,192.28050505050504,0.9116022099447514,8,0.33096245080559017,2.6476996064447214
554,x_j10_p350_s07,10,350,7,20,13,175.28333333333333,192.28050505050504,0.9116022099447514,8,0.33096245080559017,2.6476996064447214
555,x_j10_p350_s08,10,350,8,21,13,175.28333333333333,192.28050505050504,0.9116022099447514,8,0.33096245080559017,2.6476996064447214
556,x_j10_p350_s09,10,350,9,22,13,175.28333333333333,192.28050505050504,0.9116022099447514,8,0.33096245080559017,2.6476996064447214
557,x_j10_p350_s10,10,350,10,23,13,175.28333333333333,192.28050505050504,0.9116022099447514,8,0.33096245080559017,2.6476996064447214
558,x_j10_p350_s11,10,350,11,24,13,175.28333333333333,192.28050505050504,0.9116022099447514,8,0.33096245080559017,2.6476996064447214
559,x_j10_p400_s00,10,400,0,12,12,175.28333333333333,175.28333333333333,1.0,8,0.3675694379147809,2.9405555033182473
560,x_j10_p400_s01,10,400,1,13,12,175.28333333333333,175.28333333333333,1.0,8,0.3675694379147809,2.9405555033182473
561,x_j10_p400_s02,10,400,2,14,12,175.28333333333333,175.28333333333333,1.0,8,0.3675694379147809,2.9405555033182473
562,x_j10_p400_s03,10,400,3,15,12,175.28333333333333,175.28333333333333,1.0,8,0.3675694379147809,2.9405555033182473
563,x_j10_p400_s04,10,400,4,16,12,175.28333333333333,175.28333333333333,1.0,8,0.3675694379147809,2.9405555033182473
564,x_j10_p400_s05,10,400,5,17,12,175.28333333333333,175.28333333333333,1.0,8,0.3675694379147809,2.9405555033182473
565,x_j10_p400_s06,10,400,6,18,12,175.28333333333333,175.28333333333333,1.0,8,0.3675694379147809,2.9405555033182473
566,x_j10_p400_s07,10,400,7,19,12,175.28333333333333,175.28333333333333,1.0,8,0.3675694379147809,2.9405555033182473
567,x_j10_p400_s08,10,400,8,20,12,175.28333333333333,175.28333333333333,1.0,8,0.3675694379147809,2.9405555033182473
568,x_j10_p400_s09,10,400,9,21,12,175.28333333333333,175.28333333333333,1.0,8,0.3675694379147809,2.9405555033182473
569,x_j10_p400_s10,10,400,10,22,12,175.28333333333333,175.28333333333333,1.0,8,0.3675694379147809,2.9405555033182473
570,x_j10_p400_s11,10,400,11,23,12,175.28333333333333,175.28333333333333,1.0,8,0.3675694379147809,2.9405555033182473
571,x_j10_p400_s12,10,400,12,24,12,175.28333333333333,175.28333333333333,1.0,8,0.3675694379147809,2.9405555033182473
572,x_j11_p250_s00,11,250,0,13,13,141.3,180.94532374100723,0.7808988764044943,13,0.2430791849170746,3.1600294039219694
573,x_j11_p250_s01,11,250,1,14,13,141.3,180.94532374100723,0.7808988764044943,13,0.2430791849170746,3.1600294039219694
574,x_j11_p250_s02,11,250,2,15,13,141.3,180.94532374100723,0.7808988764044943,13,0.2430791849170746,3.1600294039219694
575,x_j11_p250_s03,11,250,3,16,13,141.3,180.94532374100723,0.7808988764044943,13,0.2430791849170746,3.1600294039219694
576,x_j11_p250_s04,11,250,4,17,13,141.3,180.94532374100723,0.7808988764044943,13,0.2430791849170746,3.1600294039219694
577,x_j11_p250_s05,11,250,5,18,13,141.3,180.94532374100723,0.7808988764044943,13,0.2430791849170746,3.1600294039219694
578,x_j11_p250_s06,11,250,6,19,13,141.3,180.94532374100723,0.7808988764044943,13,0.2430791849170746,3.1600294039219694
579,x_j11_p250_s07,11,250,7,20,13,141.3,180.94532374100723,0.7808988764044943,13,0.2430791849170746,3.1600294039219694
580,x_j11_p250_s08,11,250,8,21,13,141.3,180.94532374100723,0.7808988764044943,13,0.2430791849170746,3.1600294039219694
581,x_j11_p250_s09,11,250,9,22,13,141.3,180.94532374100723,0.7808988764044943,13,0.2430791849170746,3.1600294039219694
582,x_j11_p250_s10,11,250,10,23,13,141.3,180.94532374100723,0.7808988764044943,13,0.2430791849170746,3.1600294039219694
583,x_j11_p250_s11,11,250,11,24,13,141.3,180.94532374100723,0.7808988764044943,13,0.2430791849170746,3.1600294039219694
584,x_j11_p300_s00,11,300,0,11,11,141.3,164.38823529411766,0.8595505617977528,13,0.28933040092053547,3.761295211966961
585,x_j11_p300_s01,11,300,1,12,11,141.3,164.38823529411766,0.8595505617977528,13,0.28933040092053547,3.761295211966961
586,x_j11_p300_s02,11,300,2,13,11,141.3,164.38823529411766,0.8595505617977528,13,0.28933040092053547,3.761295211966961
587,x_j11_p300_s03,11,300,3,14,11,141.3,164.38823529411766,0.8595505617977528,13,0.28933040092053547,3.761295211966961
588,x_j11_p300_s04,11,300,4,15,11,141.3,164.38823529411766,0.8595505617977528,13,0.28933040092053547,3.761295211966961
589,x_j11_p300_s05,11,300,5,16,11,141.3,164.38823529411766,0.8595505617977528,13,0.28933040092053547,3.761295211966961
590,x_j11_p300_s06,11,300,6,17,11,141.3,164.38823529411766,0.8595505617977528,13,0.28933040092053547,3.761295211966961
591,x_j11_p300_s07,11,300,7,18,11,141.3,164.38823529411766,0.8595505617977528,13,0.28933040092053547,3.761295211966961
592,x_j11_p300_s08,11,300,8,19,11,141.3,164.38823529411766,0.8595505617977528,13,0.28933040092053547,3.761295211966961
593,x_j11_p300_s09,11,300,9,20,11,141.3,164.38823529411766,0.8595505617977528,13,0.28933040092053547,3.761295211966961
594,x_j11_p300_s10,11,300,10,21,11,141.3,164.38823529411766,0.8595505617977528,13,0.28933040092053547,3.761295211966961
595,x_j11_p300_s11,11,300,11,22,11,141.3,164.38823529411766,0.8595505617977528,13,0.28933040092053547,3.761295211966961
596,x_j11_p300_s12,11,300,12,23,11,141.3,164.38823529411766,0.8595505617977528,13,0.28933040092053547,3.761295211966961
597,x_j11_p300_s13,11,300,13,24,11,141.3,164.38823529411766,0.8595505617977528,13,0.28933040092053547,3.761295211966961
598,x_j11_p350_s00,11,350,0,11,11,141.3,155.00181818181818,0.9116022099447514,13,0.33096245080559017,4.302511860472672
599,x_j11_p350_s01,11,350,1,12,11,141.3,155.00181818181818,0.9116022099447514,13,0.33096245080559017,4.302511860472672
600,x_j11_p350_s02,11,350,2,13,11,141.3,155.00181818181818,0.9116022099447514,13,0.33096245080559017,4.302511860472672
601,x_j11_p350_s03,11,350,3,14,11,141.3,155.00181818181818,0.9116022099447514,13,0.33096245080559017,4.302511860472672
602,x_j11_p350_s04,11,350,4,15,11,141.3,155.00181818181818,0.9116022099447514,13,0.33096245080559017,4.302511860472672
603,x_j11_p350_s05,11,350,5,16,11,141.3,155.00181818181818,0.9116022099447514,13,0.33096245080559017,4.302511860472672
604,x_j11_p350_s06,11,350,6,17,11,141.3,155.00181818181818,0.9116022099447514,13,0.33096245080559017,4.302511860472672
605,x_j11_p350_s07,11,350,7,18,11,141.3,155.00181818181818,0.9116022099447514,13,0.33096245080559017,4.302511860472672
606,x_j11_p350_s08,11,350,8,19,11,141.3,155.00181818181818,0.9116022099447514,13,0.33096245080559017,4.302511860472672
607,x_j11_p350_s09,11,350,9,20,11,141.3,155.00181818181818,0.9116022099447514,13,0.33096245080559017,4.302511860472672
608,x_j11_p350_s10,11,350,10,21,11,141.3,155.00181818181818,0.9116022099447514,13,0.33096245080559017,4.302511860472672
609,x_j11_p350_s11,11,350,11,22,11,141.3,155.00181818181818,0.9116022099447514,13,0.33096245080559017,4.302511860472672
610,x_j11_p350_s12,11,350,12,23,11,141.3,155.00181818181818,0.9116022099447514,13,0.33096245080559017,4.302511860472672
611,x_j11_p350_s13,11,350,13,24,11,141.3,155.00181818181818,0.9116022099447514,13,0.33096245080559017,4.302511860472672
612,x_j11_p400_s00,11,400,0,10,10,141.3,141.3,1.0,13,0.3675694379147809,4.778402692892152
613,x_j11_p400_s01,11,400,1,11,10,141.3,141.3,1.0,13,0.3675694379147809,4.778402692892152
614,x_j11_p400_s02,11,400,2,12,10,141.3,141.3,1.0,13,0.3675694379147809,4.778402692892152
615,x_j11_p400_s03,11,400,3,13,10,141.3,141.3,1.0,13,0.3675694379147809,4.778402692892152
616,x_j11_p400_s04,11,400,4,14,10,141.3,141.3,1.0,13,0.3675694379147809,4.778402692892152
617,x_j11_p400_s05,11,400,5,15,10,141.3,141.3,1.0,13,0.3675694379147809,4.778402692892152
618,x_j11_p400_s06,11,400,6,16,10,141.3,141.3,1.0,13,0.3675694379147809,4.778402692892152
619,x_j11_p400_s07,11,400,7,17,10,141.3,141.3,1.0,13,0.3675694379147809,4.778402692892152
620,x_j11_p400_s08,11,400,8,18,10,141.3,141.3,1.0,13,0.3675694379147809,4.778402692892152
621,x_j11_p400_s09,11,400,9,19,10,141.3,141.3,1.0,13,0.3675694379147809,4.778402692892152
622,x_j11_p400_s10,11,400,10,20,10,141.3,141.3,1.0,13,0.3675694379147809,4.778402692892152
623,x_j11_p400_s11,11,400,11,21,10,141.3,141.3,1.0,13,0.3675694379147809,4.778402692892152
624,x_j11_p400_s12,11,400,12,22,10,141.3,141.3,1.0,13,0.3675694379147809,4.778402692892152
625,x_j11_p400_s13,11,400,13,23,10,141.3,141.3,1.0,13,0.3675694379147809,4.778402692892152
626,x_j11_p400_s14,11,400,14,24,10,141.3,141.3,1.0,13,0.3675694379147809,4.778402692892152
627,x_j12_p250_s00,12,250,0,9,9,101.81666666666666,130.38393285371703,0.7808988764044943,8,0.2430791849170746,1.9446334793365967
628,x_j12_p250_s01,12,250,1,10,9,101.81666666666666,130.38393285371703,0.7808988764044943,8,0.2430791849170746,1.9446334793365967
629,x_j12_p250_s02,12,250,2,11,9,101.81666666666666,130.38393285371703,0.7808988764044943,8,0.2430791849170746,1.9446334793365967
630,x_j12_p250_s03,12,250,3,12,9,101.81666666666666,130.38393285371703,0.7808988764044943,8,0.2430791849170746,1.9446334793365967
631,x_j12_p250_s04,12,250,4,13,9,101.81666666666666,130.38393285371703,0.7808988764044943,8,0.2430791849170746,1.9446334793365967
632,x_j12_p250_s05,12,250,5,14,9,101.81666666666666,130.38393285371703,0.7808988764044943,8,0.2430791849170746,1.9446334793365967
633,x_j12_p250_s06,12,250,6,15,9,101.81666666666666,130.38393285371703,0.7808988764044943,8,0.2430791849170746,1.9446334793365967
634,x_j12_p250_s07,12,250,7,16,9,101.81666666666666,130.38393285371703,0.7808988764044943,8,0.2430791849170746,1.9446334793365967
635,x_j12_p250_s08,12,250,8,17,9,101.81666666666666,130.38393285371703,0.7808988764044943,8,0.2430791849170746,1.9446334793365967
636,x_j12_p250_s09,12,250,9,18,9,101.81666666666666,130.38393285371703,0.7808988764044943,8,0.2430791849170746,1.9446334793365967
637,x_j12_p250_s10,12,250,10,19,9,101.81666666666666,130.38393285371703,0.7808988764044943,8,0.2430791849170746,1.9446334793365967
638,x_j12_p250_s11,12,250,11,20,9,101.81666666666666,130.38393285371703,0.7808988764044943,8,0.2430791849170746,1.9446334793365967
639,x_j12_p250_s12,12,250,12,21,9,101.81666666666666,130.38393285371703,0.7808988764044943,8,0.2430791849170746,1.9446334793365967
640,x_j12_p250_s13,12,250,13,22,9,101.81666666666666,130.38393285371703,0.7808988764044943,8,0.2430791849170746,1.9446334793365967
641,x_j12_p250_s14,12,250,14,23,9,101.81666666666666,130.38393285371703,0.7808988764044943,8,0.2430791849170746,1.9446334793365967
642,x_j12_p250_s15,12,250,15,24,9,101.81666666666666,130.38393285371703,0.7808988764044943,8,0.2430791849170746,1.9446334793365967
643,x_j12_p300_s00,12,300,0,8,8,101.81666666666666,118.45337690631808,0.8595505617977528,8,0.28933040092053547,2.3146432073642838
644,x_j12_p300_s01,12,300,1,9,8,101.81666666666666,118.45337690631808,0.8595505617977528,8,0.28933040092053547,2.3146432073642838
645,x_j12_p300_s02,12,300,2,10,8,101.81666666666666,118.45337690631808,0.8595505617977528,8,0.28933040092053547,2.3146432073642838
646,x_j12_p300_s03,12,300,3,11,8,101.81666666666666,118.45337690631808,0.8595505617977528,8,0.28933040092053547,2.3146432073642838
647,x_j12_p300_s04,12,300,4,12,8,101.81666666666666,118.45337690631808,0.8595505617977528,8,0.28933040092053547,2.3146432073642838
648,x_j12_p300_s05,12,300,5,13,8,101.81666666666666,118.45337690631808,0.8595505617977528,8,0.28933040092053547,2.3146432073642838
649,x_j12_p300_s06,12,300,6,14,8,101.81666666666666,118.45337690631808,0.8595505617977528,8,0.28933040092053547,2.3146432073642838
650,x_j12_p300_s07,12,300,7,15,8,101.81666666666666,118.45337690631808,0.8595505617977528,8,0.28933040092053547,2.3146432073642838
651,x_j12_p300_s08,12,300,8,16,8,101.81666666666666,118.45337690631808,0.8595505617977528,8,0.28933040092053547,2.3146432073642838
652,x_j12_p300_s09,12,300,9,17,8,101.81666666666666,118.45337690631808,0.8595505617977528,8,0.28933040092053547,2.3146432073642838
653,x_j12_p300_s10,12,300,10,18,8,101.81666666666666,118.45337690631808,0.8595505617977528,8,0.28933040092053547,2.3146432073642838
654,x_j12_p300_s11,12,300,11,19,8,101.81666666666666,118.45337690631808,0.8595505617977528,8,0.28933040092053547,2.3146432073642838
655,x_j12_p300_s12,12,300,12,20,8,101.81666666666666,118.45337690631808,0.8595505617977528,8,0.28933040092053547,2.3146432073642838
656,x_j12_p300_s13,12,300,13,21,8,101.81666666666666,118.45337690631808,0.8595505617977528,8,0.28933040092053547,2.3146432073642838
657,x_j12_p300_s14,12,300,14,22,8,101.81666666666666,118.45337690631808,0.8595505617977528,8,0.28933040092053547,2.3146432073642838
658,x_j12_p300_s15,12,300,15,23,8,101.81666666666666,118.45337690631808,0.8595505617977528,8,0.28933040092053547,2.3146432073642838
659,x_j12_p300_s16,12,300,16,24,8,101.81666666666666,118.45337690631808,0.8595505617977528,8,0.28933040092053547,2.3146432073642838
660,x_j12_p350_s00,12,350,0,8,8,101.81666666666666,111.68979797979797,0.9116022099447514,8,0.33096245080559017,2.6476996064447214
661,x_j12_p350_s01,12,350,1,9,8,101.81666666666666,111.68979797979797,0.9116022099447514,8,0.33096245080559017,2.6476996064447214
662,x_j12_p350_s02,12,350,2,10,8,101.81666666666666,111.68979797979797,0.9116022099447514,8,0.33096245080559017,2.6476996064447214
663,x_j12_p350_s03,12,350,3,11,8,101.81666666666666,111.68979797979797,0.9116022099447514,8,0.33096245080559017,2.6476996064447214
664,x_j12_p350_s04,12,350,4,12,8,101.81666666666666,111.68979797979797,0.9116022099447514,8,0.33096245080559017,2.6476996064447214
665,x_j12_p350_s05,12,350,5,13,8,101.81666666666666,111.68979797979797,0.9116022099447514,8,0.33096245080559017,2.6476996064447214
666,x_j12_p350_s06,12,350,6,14,8,101.81666666666666,111.68979797979797,0.9116022099447514,8,0.33096245080559017,2.6476996064447214
667,x_j12_p350_s07,12,350,7,15,8,101.81666666666666,111.68979797979797,0.9116022099447514,8,0.33096245080559017,2.6476996064447214
668,x_j12_p350_s08,12,350,8,16,8,101.81666666666666,111.68979797979797,0.9116022099447514,8,0.33096245080559017,2.6476996064447214
669,x_j12_p350_s09,12,350,9,17,8,101.81666666666666,111.68979797979797,0.9116022099447514,8,0.33096245080559017,2.6476996064447214
670,x_j12_p350_s10,12,350,10,18,8,101.81666666666666,111.68979797979797,0.9116022099447514,8,0.33096245080559017,2.6476996064447214
671,x_j12_p350_s11,12,350,11,19,8,101.81666666666666,111.68979797979797,0.9116022099447514,8,0.33096245080559017,2.6476996064447214
672,x_j12_p350_s12,12,350,12,20,8,101.81666666666666,111.68979797979797,0.9116022099447514,8,0.33096245080559017,2.6476996064447214
673,x_j12_p350_s13,12,350,13,21,8,101.81666666666666,111.68979797979797,0.9116022099447514,8,0.33096245080559017,2.6476996064447214
674,x_j12_p350_s14,12,350,14,22,8,101.81666666666666,111.68979797979797,0.9116022099447514,8,0.33096245080559017,2.6476996064447214
675,x_j12_p350_s15,12,350,15,23,8,101.81666666666666,111.68979797979797,0.9116022099447514,8,0.33096245080559017,2.6476996064447214
676,x_j12_p350_s16,12,350,16,24,8,101.81666666666666,111.68979797979797,0.9116022099447514,8,0.33096245080559017,2.6476996064447214
677,x_j12_p400_s00,12,400,0,7,7,101.81666666666666,101.81666666666666,1.0,8,0.3675694379147809,2.9405555033182473
678,x_j12_p400_s01,12,400,1,8,7,101.81666666666666,101.81666666666666,1.0,8,0.3675694379147809,2.9405555033182473
679,x_j12_p400_s02,12,400,2,9,7,101.81666666666666,101.81666666666666,1.0,8,0.3675694379147809,2.9405555033182473
680,x_j12_p400_s03,12,400,3,10,7,101.81666666666666,101.81666666666666,1.0,8,0.3675694379147809,2.9405555033182473
681,x_j12_p400_s04,12,400,4,11,7,101.81666666666666,101.81666666666666,1.0,8,0.3675694379147809,2.9405555033182473
682,x_j12_p400_s05,12,400,5,12,7,101.81666666666666,101.81666666666666,1.0,8,0.3675694379147809,2.9405555033182473
683,x_j12_p400_s06,12,400,6,13,7,101.81666666666666,101.81666666666666,1.0,8,0.3675694379147809,2.9405555033182473
684,x_j12_p400_s07,12,400,7,14,7,101.81666666666666,101.81666666666666,1.0,8,0.3675694379147809,2.9405555033182473
685,x_j12_p400_s08,12,400,8,15,7,101.81666666666666,101.81666666666666,1.0,8,0.3675694379147809,2.9405555033182473
686,x_j12_p400_s09,12,400,9,16,7,101.81666666666666,101.81666666666666,1.0,8,0.3675694379147809,2.9405555033182473
687,x_j12_p400_s10,12,400,10,17,7,101.81666666666666,101.81666666666666,1.0,8,0.3675694379147809,2.9405555033182473
688,x_j12_p400_s11,12,400,11,18,7,101.81666666666666,101.81666666666666,1.0,8,0.3675694379147809,2.9405555033182473
689,x_j12_p400_s12,12,400,12,19,7,101.81666666666666,101.81666666666666,1.0,8,0.3675694379147809,2.9405555033182473
690,x_j12_p400_s13,12,400,13,20,7,101.81666666666666,101.81666666666666,1.0,8,0.3675694379147809,2.9405555033182473
691,x_j12_p400_s14,12,400,14,21,7,101.81666666666666,101.81666666666666,1.0,8,0.3675694379147809,2.9405555033182473
692,x_j12_p400_s15,12,400,15,22,7,101.81666666666666,101.81666666666666,1.0,8,0.3675694379147809,2.9405555033182473
693,x_j12_p400_s16,12,400,16,23,7,101.81666666666666,101.81666666666666,1.0,8,0.3675694379147809,2.9405555033182473
694,x_j12_p400_s17,12,400,17,24,7,101.81666666666666,101.81666666666666,1.0,8,0.3675694379147809,2.9405555033182473
695,x_j13_p250_s00,13,250,0,15,15,168.61666666666667,215.92637889688254,0.7808988764044943,18,0.2430791849170746,4.375425328507342
696,x_j13_p250_s01,13,250,1,16,15,168.61666666666667,215.92637889688254,0.7808988764044943,18,0.2430791849170746,4.375425328507342
697,x_j13_p250_s02,13,250,2,17,15,168.61666666666667,215.92637889688254,0.7808988764044943,18,0.2430791849170746,4.375425328507342
698,x_j13_p250_s03,13,250,3,18,15,168.61666666666667,215.92637889688254,0.7808988764044943,18,0.2430791849170746,4.375425328507342
699,x_j13_p250_s04,13,250,4,19,15,168.61666666666667,215.92637889688254,0.7808988764044943,18,0.2430791849170746,4.375425328507342
700,x_j13_p250_s05,13,250,5,20,15,168.61666666666667,215.92637889688254,0.7808988764044943,18,0.2430791849170746,4.375425328507342
701,x_j13_p250_s06,13,250,6,21,15,168.61666666666667,215.92637889688254,0.7808988764044943,18,0.2430791849170746,4.375425328507342
702,x_j13_p250_s07,13,250,7,22,15,168.61666666666667,215.92637889688254,0.7808988764044943,18,0.2430791849170746,4.375425328507342
703,x_j13_p250_s08,13,250,8,23,15,168.61666666666667,215.92637889688254,0.7808988764044943,18,0.2430791849170746,4.375425328507342
704,x_j13_p250_s09,13,250,9,24,15,168.61666666666667,215.92637889688254,0.7808988764044943,18,0.2430791849170746,4.375425328507342
705,x_j13_p300_s00,13,300,0,14,14,168.61666666666667,196.16840958605667,0.8595505617977528,18,0.28933040092053547,5.2079472165696385
706,x_j13_p300_s01,13,300,1,15,14,168.61666666666667,196.16840958605667,0.8595505617977528,18,0.28933040092053547,5.2079472165696385
707,x_j13_p300_s02,13,300,2,16,14,168.61666666666667,196.16840958605667,0.8595505617977528,18,0.28933040092053547,5.2079472165696385
708,x_j13_p300_s03,13,300,3,17,14,168.61666666666667,196.16840958605667,0.8595505617977528,18,0.28933040092053547,5.2079472165696385
709,x_j13_p300_s04,13,300,4,18,14,168.61666666666667,196.16840958605667,0.8595505617977528,18,0.28933040092053547,5.2079472165696385
710,x_j13_p300_s05,13,300,5,19,14,168.61666666666667,196.16840958605667,0.8595505617977528,18,0.28933040092053547,5.2079472165696385
711,x_j13_p300_s06,13,300,6,20,14,168.61666666666667,196.16840958605667,0.8595505617977528,18,0.28933040092053547,5.2079472165696385
712,x_j13_p300_s07,13,300,7,21,14,168.61666666666667,196.16840958605667,0.8595505617977528,18,0.28933040092053547,5.2079472165696385
713,x_j13_p300_s08,13,300,8,22,14,168.61666666666667,196.16840958605667,0.8595505617977528,18,0.28933040092053547,5.2079472165696385
714,x_j13_p300_s09,13,300,9,23,14,168.61666666666667,196.16840958605667,0.8595505617977528,18,0.28933040092053547,5.2079472165696385
715,x_j13_p300_s10,13,300,10,24,14,168.61666666666667,196.16840958605667,0.8595505617977528,18,0.28933040092053547,5.2079472165696385
716,x_j13_p350_s00,13,350,0,13,13,168.61666666666667,184.96737373737375,0.9116022099447514,18,0.33096245080559017,5.957324114500623
717,x_j13_p350_s01,13,350,1,14,13,168.61666666666667,184.96737373737375,0.9116022099447514,18,0.33096245080559017,5.957324114500623
718,x_j13_p350_s02,13,350,2,15,13,168.61666666666667,184.96737373737375,0.9116022099447514,18,0.33096245080559017,5.957324114500623
719,x_j13_p350_s03,13,350,3,16,13,168.61666666666667,184.96737373737375,0.9116022099447514,18,0.33096245080559017,5.957324114500623
720,x_j13_p350_s04,13,350,4,17,13,168.61666666666667,184.96737373737375,0.9116022099447514,18,0.33096245080559017,5.957324114500623
721,x_j13_p350_s05,13,350,5,18,13,168.61666666666667,184.96737373737375,0.9116022099447514,18,0.33096245080559017,5.957324114500623
722,x_j13_p350_s06,13,350,6,19,13,168.61666666666667,184.96737373737375,0.9116022099447514,18,0.33096245080559017,5.957324114500623
723,x_j13_p350_s07,13,350,7,20,13,168.61666666666667,184.96737373737375,0.9116022099447514,18,0.33096245080559017,5.957324114500623
724,x_j13_p350_s08,13,350,8,21,13,168.61666666666667,184.96737373737375,0.9116022099447514,18,0.33096245080559017,5.957324114500623
725,x_j13_p350_s09,13,350,9,22,13,168.61666666666667,184.96737373737375,0.9116022099447514,18,0.33096245080559017,5.957324114500623
726,x_j13_p350_s10,13,350,10,23,13,168.61666666666667,184.96737373737375,0.9116022099447514,18,0.33096245080559017,5.957324114500623
727,x_j13_p350_s11,13,350,11,24,13,168.61666666666667,184.96737373737375,0.9116022099447514,18,0.33096245080559017,5.957324114500623
728,x_j13_p400_s00,13,400,0,12,12,168.61666666666667,168.61666666666667,1.0,18,0.3675694379147809,6.6162498824660565
729,x_j13_p400_s01,13,400,1,13,12,168.61666666666667,168.61666666666667,1.0,18,0.3675694379147809,6.6162498824660565
730,x_j13_p400_s02,13,400,2,14,12,168.61666666666667,168.61666666666667,1.0,18,0.3675694379147809,6.6162498824660565
731,x_j13_p400_s03,13,400,3,15,12,168.61666666666667,168.61666666666667,1.0,18,0.3675694379147809,6.6162498824660565
732,x_j13_p400_s04,13,400,4,16,12,168.61666666666667,168.61666666666667,1.0,18,0.3675694379147809,6.6162498824660565
733,x_j13_p400_s05,13,400,5,17,12,168.61666666666667,168.61666666666667,1.0,18,0.3675694379147809,6.6162498824660565
734,x_j13_p400_s06,13,400,6,18,12,168.61666666666667,168.61666666666667,1.0,18,0.3675694379147809,6.6162498824660565
735,x_j13_p400_s07,13,400,7,19,12,168.61666666666667,168.61666666666667,1.0,18,0.3675694379147809,6.6162498824660565
736,x_j13_p400_s08,13,400,8,20,12,168.61666666666667,168.61666666666667,1.0,18,0.3675694379147809,6.6162498824660565
737,x_j13_p400_s09,13,400,9,21,12,168.61666666666667,168.61666666666667,1.0,18,0.3675694379147809,6.6162498824660565
738,x_j13_p400_s10,13,400,10,22,12,168.61666666666667,168.61666666666667,1.0,18,0.3675694379147809,6.6162498824660565
739,x_j13_p400_s11,13,400,11,23,12,168.61666666666667,168.61666666666667,1.0,18,0.3675694379147809,6.6162498824660565
740,x_j13_p400_s12,13,400,12,24,12,168.61666666666667,168.61666666666667,1.0,18,0.3675694379147809,6.6162498824660565
741,x_j14_p250_s00,14,250,0,13,13,140.73333333333332,180.21966426858515,0.7808988764044943,25,0.2430791849170746,6.076979622926864
742,x_j14_p250_s01,14,250,1,14,13,140.73333333333332,180.21966426858515,0.7808988764044943,25,0.2430791849170746,6.076979622926864
743,x_j14_p250_s02,14,250,2,15,13,140.73333333333332,180.21966426858515,0.7808988764044943,25,0.2430791849170746,6.076979622926864
744,x_j14_p250_s03,14,250,3,16,13,140.73333333333332,180.21966426858515,0.7808988764044943,25,0.2430791849170746,6.076979622926864
745,x_j14_p250_s04,14,250,4,17,13,140.73333333333332,180.21966426858515,0.7808988764044943,25,0.2430791849170746,6.076979622926864
746,x_j14_p250_s05,14,250,5,18,13,140.73333333333332,180.21966426858515,0.7808988764044943,25,0.2430791849170746,6.076979622926864
747,x_j14_p250_s06,14,250,6,19,13,140.73333333333332,180.21966426858515,0.7808988764044943,25,0.2430791849170746,6.076979622926864
748,x_j14_p250_s07,14,250,7,20,13,140.73333333333332,180.21966426858515,0.7808988764044943,25,0.2430791849170746,6.076979622926864
749,x_j14_p250_s08,14,250,8,21,13,140.73333333333332,180.21966426858515,0.7808988764044943,25,0.2430791849170746,6.076979622926864
750,x_j14_p250_s09,14,250,9,22,13,140.73333333333332,180.21966426858515,0.7808988764044943,25,0.2430791849170746,6.076979622926864
751,x_j14_p250_s10,14,250,10,23,13,140.73333333333332,180.21966426858515,0.7808988764044943,25,0.2430791849170746,6.076979622926864
752,x_j14_p250_s11,14,250,11,24,13,140.73333333333332,180.21966426858515,0.7808988764044943,25,0.2430791849170746,6.076979622926864
753,x_j14_p300_s00,14,300,0,11,11,140.73333333333332,163.72897603485836,0.8595505617977528,25,0.28933040092053547,7.233260023013386
754,x_j14_p300_s01,14,300,1,12,11,140.73333333333332,163.72897603485836,0.8595505617977528,25,0.28933040092053547,7.233260023013386
755,x_j14_p300_s02,14,300,2,13,11,140.73333333333332,163.72897603485836,0.8595505617977528,25,0.28933040092053547,7.233260023013386
756,x_j14_p300_s03,14,300,3,14,11,140.73333333333332,163.72897603485836,0.8595505617977528,25,0.28933040092053547,7.233260023013386
757,x_j14_p300_s04,14,300,4,15,11,140.73333333333332,163.72897603485836,0.8595505617977528,25,0.28933040092053547,7.233260023013386
758,x_j14_p300_s05,14,300,5,16,11,140.73333333333332,163.72897603485836,0.8595505617977528,25,0.28933040092053547,7.233260023013386
759,x_j14_p300_s06,14,300,6,17,11,140.73333333333332,163.72897603485836,0.8595505617977528,25,0.28933040092053547,7.233260023013386
760,x_j14_p300_s07,14,300,7,18,11,140.73333333333332,163.72897603485836,0.8595505617977528,25,0.28933040092053547,7.233260023013386
761,x_j14_p300_s08,14,300,8,19,11,140.73333333333332,163.72897603485836,0.8595505617977528,25,0.28933040092053547,7.233260023013386
762,x_j14_p300_s09,14,300,9,20,11,140.73333333333332,163.72897603485836,0.8595505617977528,25,0.28933040092053547,7.233260023013386
763,x_j14_p300_s10,14,300,10,21,11,140.73333333333332,163.72897603485836,0.8595505617977528,25,0.28933040092053547,7.233260023013386
764,x_j14_p300_s11,14,300,11,22,11,140.73333333333332,163.72897603485836,0.8595505617977528,25,0.28933040092053547,7.233260023013386
765,x_j14_p300_s12,14,300,12,23,11,140.73333333333332,163.72897603485836,0.8595505617977528,25,0.28933040092053547,7.233260023013386
766,x_j14_p300_s13,14,300,13,24,11,140.73333333333332,163.72897603485836,0.8595505617977528,25,0.28933040092053547,7.233260023013386
767,x_j14_p350_s00,14,350,0,11,11,140.73333333333332,154.380202020202,0.9116022099447514,25,0.33096245080559017,8.274061270139754
768,x_j14_p350_s01,14,350,1,12,11,140.73333333333332,154.380202020202,0.9116022099447514,25,0.33096245080559017,8.274061270139754
769,x_j14_p350_s02,14,350,2,13,11,140.73333333333332,154.380202020202,0.9116022099447514,25,0.33096245080559017,8.274061270139754
770,x_j14_p350_s03,14,350,3,14,11,140.73333333333332,154.380202020202,0.9116022099447514,25,0.33096245080559017,8.274061270139754
771,x_j14_p350_s04,14,350,4,15,11,140.73333333333332,154.380202020202,0.9116022099447514,25,0.33096245080559017,8.274061270139754
772,x_j14_p350_s05,14,350,5,16,11,140.73333333333332,154.380202020202,0.9116022099447514,25,0.33096245080559017,8.274061270139754
773,x_j14_p350_s06,14,350,6,17,11,140.73333333333332,154.380202020202,0.9116022099447514,25,0.33096245080559017,8.274061270139754
774,x_j14_p350_s07,14,350,7,18,11,140.73333333333332,154.380202020202,0.9116022099447514,25,0.33096245080559017,8.274061270139754
775,x_j14_p350_s08,14,350,8,19,11,140.73333333333332,154.380202020202,0.9116022099447514,25,0.33096245080559017,8.274061270139754
776,x_j14_p350_s09,14,350,9,20,11,140.73333333333332,154.380202020202,0.9116022099447514,25,0.33096245080559017,8.274061270139754
777,x_j14_p350_s10,14,350,10,21,11,140.73333333333332,154.380202020202,0.9116022099447514,25,0.33096245080559017,8.274061270139754
778,x_j14_p350_s11,14,350,11,22,11,140.73333333333332,154.380202020202,0.9116022099447514,25,0.33096245080559017,8.274061270139754
779,x_j14_p350_s12,14,350,12,23,11,140.73333333333332,154.380202020202,0.9116022099447514,25,0.33096245080559017,8.274061270139754
780,x_j14_p350_s13,14,350,13,24,11,140.73333333333332,154.380202020202,0.9116022099447514,25,0.33096245080559017,8.274061270139754
781,x_j14_p400_s00,14,400,0,10,10,140.73333333333332,140.73333333333332,1.0,25,0.3675694379147809,9.189235947869523
782,x_j14_p400_s01,14,400,1,11,10,140.73333333333332,140.73333333333332,1.0,25,0.3675694379147809,9.189235947869523
783,x_j14_p400_s02,14,400,2,12,10,140.73333333333332,140.73333333333332,1.0,25,0.3675694379147809,9.189235947869523
784,x_j14_p400_s03,14,400,3,13,10,140.73333333333332,140.73333333333332,1.0,25,0.3675694379147809,9.189235947869523
785,x_j14_p400_s04,14,400,4,14,10,140.73333333333332,140.73333333333332,1.0,25,0.3675694379147809,9.189235947869523
786,x_j14_p400_s05,14,400,5,15,10,140.73333333333332,140.73333333333332,1.0,25,0.3675694379147809,9.189235947869523
787,x_j14_p400_s06,14,400,6,16,10,140.73333333333332,140.73333333333332,1.0,25,0.3675694379147809,9.189235947869523
788,x_j14_p400_s07,14,400,7,17,10,140.73333333333332,140.73333333333332,1.0,25,0.3675694379147809,9.189235947869523
789,x_j14_p400_s08,14,400,8,18,10,140.73333333333332,140.73333333333332,1.0,25,0.3675694379147809,9.189235947869523
790,x_j14_p400_s09,14,400,9,19,10,140.73333333333332,140.73333333333332,1.0,25,0.3675694379147809,9.189235947869523
791,x_j14_p400_s10,14,400,10,20,10,140.73333333333332,140.73333333333332,1.0,25,0.3675694379147809,9.189235947869523
792,x_j14_p400_s11,14,400,11,21,10,140.73333333333332,140.73333333333332,1.0,25,0.3675694379147809,9.189235947869523
793,x_j14_p400_s12,14,400,12,22,10,140.73333333333332,140.73333333333332,1.0,25,0.3675694379147809,9.189235947869523
794,x_j14_p400_s13,14,400,13,23,10,140.73333333333332,140.73333333333332,1.0,25,0.3675694379147809,9.189235947869523
795,x_j14_p400_s14,14,400,14,24,10,140.73333333333332,140.73333333333332,1.0,25,0.3675694379147809,9.189235947869523
796,x_j15_p250_s00,15,250,0,15,15,168.4,215.64892086330937,0.7808988764044943,22,0.2430791849170746,5.347742068175641
797,x_j15_p250_s01,15,250,1,16,15,168.4,215.64892086330937,0.7808988764044943,22,0.2430791849170746,5.347742068175641
798,x_j15_p250_s02,15,250,2,17,15,168.4,215.64892086330937,0.7808988764044943,22,0.2430791849170746,5.347742068175641
799,x_j15_p250_s03,15,250,3,18,15,168.4,215.64892086330937,0.7808988764044943,22,0.2430791849170746,5.347742068175641
800,x_j15_p250_s04,15,250,4,19,15,168.4,215.64892086330937,0.7808988764044943,22,0.2430791849170746,5.347742068175641
801,x_j15_p250_s05,15,250,5,20,15,168.4,215.64892086330937,0.7808988764044943,22,0.2430791849170746,5.347742068175641
802,x_j15_p250_s06,15,250,6,21,15,168.4,215.64892086330937,0.7808988764044943,22,0.2430791849170746,5.347742068175641
803,x_j15_p250_s07,15,250,7,22,15,168.4,215.64892086330937,0.7808988764044943,22,0.2430791849170746,5.347742068175641
804,x_j15_p250_s08,15,250,8,23,15,168.4,215.64892086330937,0.7808988764044943,22,0.2430791849170746,5.347742068175641
805,x_j15_p250_s09,15,250,9,24,15,168.4,215.64892086330937,0.7808988764044943,22,0.2430791849170746,5.347742068175641
806,x_j15_p300_s00,15,300,0,14,14,168.4,195.91633986928105,0.8595505617977528,22,0.28933040092053547,6.365268820251781
807,x_j15_p300_s01,15,300,1,15,14,168.4,195.91633986928105,0.8595505617977528,22,0.28933040092053547,6.365268820251781
808,x_j15_p300_s02,15,300,2,16,14,168.4,195.91633986928105,0.8595505617977528,22,0.28933040092053547,6.365268820251781
809,x_j15_p300_s03,15,300,3,17,14,168.4,195.91633986928105,0.8595505617977528,22,0.28933040092053547,6.365268820251781
810,x_j15_p300_s04,15,300,4,18,14,168.4,195.91633986928105,0.8595505617977528,22,0.28933040092053547,6.365268820251781
811,x_j15_p300_s05,15,300,5,19,14,168.4,195.91633986928105,0.8595505617977528,22,0.28933040092053547,6.365268820251781
812,x_j15_p300_s06,15,300,6,20,14,168.4,195.91633986928105,0.8595505617977528,22,0.28933040092053547,6.365268820251781
813,x_j15_p300_s07,15,300,7,21,14,168.4,195.91633986928105,0.8595505617977528,22,0.28933040092053547,6.365268820251781
814,x_j15_p300_s08,15,300,8,22,14,168.4,195.91633986928105,0.8595505617977528,22,0.28933040092053547,6.365268820251781
815,x_j15_p300_s09,15,300,9,23,14,168.4,195.91633986928105,0.8595505617977528,22,0.28933040092053547,6.365268820251781
816,x_j15_p300_s10,15,300,10,24,14,168.4,195.91633986928105,0.8595505617977528,22,0.28933040092053547,6.365268820251781
817,x_j15_p350_s00,15,350,0,13,13,168.4,184.729696969697,0.9116022099447514,22,0.33096245080559017,7.281173917722984
818,x_j15_p350_s01,15,350,1,14,13,168.4,184.729696969697,0.9116022099447514,22,0.33096245080559017,7.281173917722984
819,x_j15_p350_s02,15,350,2,15,13,168.4,184.729696969697,0.9116022099447514,22,0.33096245080559017,7.281173917722984
820,x_j15_p350_s03,15,350,3,16,13,168.4,184.729696969697,0.9116022099447514,22,0.33096245080559017,7.281173917722984
821,x_j15_p350_s04,15,350,4,17,13,168.4,184.729696969697,0.9116022099447514,22,0.33096245080559017,7.281173917722984
822,x_j15_p350_s05,15,350,5,18,13,168.4,184.729696969697,0.9116022099447514,22,0.33096245080559017,7.281173917722984
823,x_j15_p350_s06,15,350,6,19,13,168.4,184.729696969697,0.9116022099447514,22,0.33096245080559017,7.281173917722984
824,x_j15_p350_s07,15,350,7,20,13,168.4,184.729696969697,0.9116022099447514,22,0.33096245080559017,7.281173917722984
825,x_j15_p350_s08,15,350,8,21,13,168.4,184.729696969697,0.9116022099447514,22,0.33096245080559017,7.281173917722984
826,x_j15_p350_s09,15,350,9,22,13,168.4,184.729696969697,0.9116022099447514,22,0.33096245080559017,7.281173917722984
827,x_j15_p350_s10,15,350,10,23,13,168.4,184.729696969697,0.9116022099447514,22,0.33096245080559017,7.281173917722984
828,x_j15_p350_s11,15,350,11,24,13,168.4,184.729696969697,0.9116022099447514,22,0.33096245080559017,7.281173917722984
829,x_j15_p400_s00,15,400,0,12,12,168.4,168.4,1.0,22,0.3675694379147809,8.08652763412518
830,x_j15_p400_s01,15,400,1,13,12,168.4,168.4,1.0,22,0.3675694379147809,8.08652763412518
831,x_j15_p400_s02,15,400,2,14,12,168.4,168.4,1.0,22,0.3675694379147809,8.08652763412518
832,x_j15_p400_s03,15,400,3,15,12,168.4,168.4,1.0,22,0.3675694379147809,8.08652763412518
833,x_j15_p400_s04,15,400,4,16,12,168.4,168.4,1.0,22,0.3675694379147809,8.08652763412518
834,x_j15_p400_s05,15,400,5,17,12,168.4,168.4,1.0,22,0.3675694379147809,8.08652763412518
835,x_j15_p400_s06,15,400,6,18,12,168.4,168.4,1.0,22,0.3675694379147809,8.08652763412518
836,x_j15_p400_s07,15,400,7,19,12,168.4,168.4,1.0,22,0.3675694379147809,8.08652763412518
837,x_j15_p400_s08,15,400,8,20,12,168.4,168.4,1.0,22,0.3675694379147809,8.08652763412518
838,x_j15_p400_s09,15,400,9,21,12,168.4,168.4,1.0,22,0.3675694379147809,8.08652763412518
839,x_j15_p400_s10,15,400,10,22,12,168.4,168.4,1.0,22,0.3675694379147809,8.08652763412518
840,x_j15_p400_s11,15,400,11,23,12,168.4,168.4,1.0,22,0.3675694379147809,8.08652763412518
841,x_j15_p400_s12,15,400,12,24,12,168.4,168.4,1.0,22,0.3675694379147809,8.08652763412518
842,x_j16_p250_s00,16,250,0,12,12,136.21666666666667,174.43573141486812,0.7808988764044943,17,0.2430791849170746,4.132346143590268
843,x_j16_p250_s01,16,250,1,13,12,136.21666666666667,174.43573141486812,0.7808988764044943,17,0.2430791849170746,4.132346143590268
844,x_j16_p250_s02,16,250,2,14,12,136.21666666666667,174.43573141486812,0.7808988764044943,17,0.2430791849170746,4.132346143590268
845,x_j16_p250_s03,16,250,3,15,12,136.21666666666667,174.43573141486812,0.7808988764044943,17,0.2430791849170746,4.132346143590268
846,x_j16_p250_s04,16,250,4,16,12,136.21666666666667,174.43573141486812,0.7808988764044943,17,0.2430791849170746,4.132346143590268
847,x_j16_p250_s05,16,250,5,17,12,136.21666666666667,174.43573141486812,0.7808988764044943,17,0.2430791849170746,4.132346143590268
848,x_j16_p250_s06,16,250,6,18,12,136.21666666666667,174.43573141486812,0.7808988764044943,17,0.2430791849170746,4.132346143590268
849,x_j16_p250_s07,16,250,7,19,12,136.21666666666667,174.43573141486812,0.7808988764044943,17,0.2430791849170746,4.132346143590268
850,x_j16_p250_s08,16,250,8,20,12,136.21666666666667,174.43573141486812,0.7808988764044943,17,0.2430791849170746,4.132346143590268
851,x_j16_p250_s09,16,250,9,21,12,136.21666666666667,174.43573141486812,0.7808988764044943,17,0.2430791849170746,4.132346143590268
852,x_j16_p250_s10,16,250,10,22,12,136.21666666666667,174.43573141486812,0.7808988764044943,17,0.2430791849170746,4.132346143590268
853,x_j16_p250_s11,16,250,11,23,12,136.21666666666667,174.43573141486812,0.7808988764044943,17,0.2430791849170746,4.132346143590268
854,x_j16_p250_s12,16,250,12,24,12,136.21666666666667,174.43573141486812,0.7808988764044943,17,0.2430791849170746,4.132346143590268
855,x_j16_p300_s00,16,300,0,11,11,136.21666666666667,158.47429193899782,0.8595505617977528,17,0.28933040092053547,4.918616815649103
856,x_j16_p300_s01,16,300,1,12,11,136.21666666666667,158.47429193899782,0.8595505617977528,17,0.28933040092053547,4.918616815649103
857,x_j16_p300_s02,16,300,2,13,11,136.21666666666667,158.47429193899782,0.8595505617977528,17,0.28933040092053547,4.918616815649103
858,x_j16_p300_s03,16,300,3,14,11,136.21666666666667,158.47429193899782,0.8595505617977528,17,0.28933040092053547,4.918616815649103
859,x_j16_p300_s04,16,300,4,15,11,136.21666666666667,158.47429193899782,0.8595505617977528,17,0.28933040092053547,4.918616815649103
860,x_j16_p300_s05,16,300,5,16,11,136.21666666666667,158.47429193899782,0.8595505617977528,17,0.28933040092053547,4.918616815649103
861,x_j16_p300_s06,16,300,6,17,11,136.21666666666667,158.47429193899782,0.8595505617977528,17,0.28933040092053547,4.918616815649103
862,x_j16_p300_s07,16,300,7,18,11,136.21666666666667,158.47429193899782,0.8595505617977528,17,0.28933040092053547,4.918616815649103
863,x_j16_p300_s08,16,300,8,19,11,136.21666666666667,158.47429193899782,0.8595505617977528,17,0.28933040092053547,4.918616815649103
864,x_j16_p300_s09,16,300,9,20,11,136.21666666666667,158.47429193899782,0.8595505617977528,17,0.28933040092053547,4.918616815649103
865,x_j16_p300_s10,16,300,10,21,11,136.21666666666667,158.47429193899782,0.8595505617977528,17,0.28933040092053547,4.918616815649103
866,x_j16_p300_s11,16,300,11,22,11,136.21666666666667,158.47429193899782,0.8595505617977528,17,0.28933040092053547,4.918616815649103
867,x_j16_p300_s12,16,300,12,23,11,136.21666666666667,158.47429193899782,0.8595505617977528,17,0.28933040092053547,4.918616815649103
868,x_j16_p300_s13,16,300,13,24,11,136.21666666666667,158.47429193899782,0.8595505617977528,17,0.28933040092053547,4.918616815649103
869,x_j16_p350_s00,16,350,0,10,10,136.21666666666667,149.42555555555555,0.9116022099447514,17,0.33096245080559017,5.626361663695032
870,x_j16_p350_s01,16,350,1,11,10,136.21666666666667,149.42555555555555,0.9116022099447514,17,0.33096245080559017,5.626361663695032
871,x_j16_p350_s02,16,350,2,12,10,136.21666666666667,149.42555555555555,0.9116022099447514,17,0.33096245080559017,5.626361663695032
872,x_j16_p350_s03,16,350,3,13,10,136.21666666666667,149.42555555555555,0.9116022099447514,17,0.33096245080559017,5.626361663695032
873,x_j16_p350_s04,16,350,4,14,10,136.21666666666667,149.42555555555555,0.9116022099447514,17,0.33096245080559017,5.626361663695032
874,x_j16_p350_s05,16,350,5,15,10,136.21666666666667,149.42555555555555,0.9116022099447514,17,0.33096245080559017,5.626361663695032
875,x_j16_p350_s06,16,350,6,16,10,136.21666666666667,149.42555555555555,0.9116022099447514,17,0.33096245080559017,5.626361663695032
876,x_j16_p350_s07,16,350,7,17,10,136.21666666666667,149.42555555555555,0.9116022099447514,17,0.33096245080559017,5.626361663695032
877,x_j16_p350_s08,16,350,8,18,10,136.21666666666667,149.42555555555555,0.9116022099447514,17,0.33096245080559017,5.626361663695032
878,x_j16_p350_s09,16,350,9,19,10,136.21666666666667,149.42555555555555,0.9116022099447514,17,0.33096245080559017,5.626361663695032
879,x_j16_p350_s10,16,350,10,20,10,136.21666666666667,149.42555555555555,0.9116022099447514,17,0.33096245080559017,5.626361663695032
880,x_j16_p350_s11,16,350,11,21,10,136.21666666666667,149.42555555555555,0.9116022099447514,17,0.33096245080559017,5.626361663695032
881,x_j16_p350_s12,16,350,12,22,10,136.21666666666667,149.42555555555555,0.9116022099447514,17,0.33096245080559017,5.626361663695032
882,x_j16_p350_s13,16,350,13,23,10,136.21666666666667,149.42555555555555,0.9116022099447514,17,0.33096245080559017,5.626361663695032
883,x_j16_p350_s14,16,350,14,24,10,136.21666666666667,149.42555555555555,0.9116022099447514,17,0.33096245080559017,5.626361663695032
884,x_j16_p400_s00,16,400,0,10,10,136.21666666666667,136.21666666666667,1.0,17,0.3675694379147809,6.248680444551276
885,x_j16_p400_s01,16,400,1,11,10,136.21666666666667,136.21666666666667,1.0,17,0.3675694379147809,6.248680444551276
886,x_j16_p400_s02,16,400,2,12,10,136.21666666666667,136.21666666666667,1.0,17,0.3675694379147809,6.248680444551276
887,x_j16_p400_s03,16,400,3,13,10,136.21666666666667,136.21666666666667,1.0,17,0.3675694379147809,6.248680444551276
888,x_j16_p400_s04,16,400,4,14,10,136.21666666666667,136.21666666666667,1.0,17,0.3675694379147809,6.248680444551276
889,x_j16_p400_s05,16,400,5,15,10,136.21666666666667,136.21666666666667,1.0,17,0.3675694379147809,6.248680444551276
890,x_j16_p400_s06,16,400,6,16,10,136.21666666666667,136.21666666666667,1.0,17,0.3675694379147809,6.248680444551276
891,x_j16_p400_s07,16,400,7,17,10,136.21666666666667,136.21666666666667,1.0,17,0.3675694379147809,6.248680444551276
892,x_j16_p400_s08,16,400,8,18,10,136.21666666666667,136.21666666666667,1.0,17,0.3675694379147809,6.248680444551276
893,x_j16_p400_s09,16,400,9,19,10,136.21666666666667,136.21666666666667,1.0,17,0.3675694379147809,6.248680444551276
894,x_j16_p400_s10,16,400,10,20,10,136.21666666666667,136.21666666666667,1.0,17,0.3675694379147809,6.248680444551276
895,x_j16_p400_s11,16,400,11,21,10,136.21666666666667,136.21666666666667,1.0,17,0.3675694379147809,6.248680444551276
896,x_j16_p400_s12,16,400,12,22,10,136.21666666666667,136.21666666666667,1.0,17,0.3675694379147809,6.248680444551276
897,x_j16_p400_s13,16,400,13,23,10,136.21666666666667,136.21666666666667,1.0,17,0.3675694379147809,6.248680444551276
898,x_j16_p400_s14,16,400,14,24,10,136.21666666666667,136.21666666666667,1.0,17,0.3675694379147809,6.248680444551276
899,x_j17_p250_s00,17,250,0,15,15,168.06666666666666,215.22206235011993,0.7808988764044943,36,0.2430791849170746,8.750850657014684
900,x_j17_p250_s01,17,250,1,16,15,168.06666666666666,215.22206235011993,0.7808988764044943,36,0.2430791849170746,8.750850657014684
901,x_j17_p250_s02,17,250,2,17,15,168.06666666666666,215.22206235011993,0.7808988764044943,36,0.2430791849170746,8.750850657014684
902,x_j17_p250_s03,17,250,3,18,15,168.06666666666666,215.22206235011993,0.7808988764044943,36,0.2430791849170746,8.750850657014684
903,x_j17_p250_s04,17,250,4,19,15,168.06666666666666,215.22206235011993,0.7808988764044943,36,0.2430791849170746,8.750850657014684
904,x_j17_p250_s05,17,250,5,20,15,168.06666666666666,215.22206235011993,0.7808988764044943,36,0.2430791849170746,8.750850657014684
905,x_j17_p250_s06,17,250,6,21,15,168.06666666666666,215.22206235011993,0.7808988764044943,36,0.2430791849170746,8.750850657014684
906,x_j17_p250_s07,17,250,7,22,15,168.06666666666666,215.22206235011993,0.7808988764044943,36,0.2430791849170746,8.750850657014684
907,x_j17_p250_s08,17,250,8,23,15,168.06666666666666,215.22206235011993,0.7808988764044943,36,0.2430791849170746,8.750850657014684
908,x_j17_p250_s09,17,250,9,24,15,168.06666666666666,215.22206235011993,0.7808988764044943,36,0.2430791849170746,8.750850657014684
909,x_j17_p300_s00,17,300,0,14,14,168.06666666666666,195.5285403050109,0.8595505617977528,36,0.28933040092053547,10.415894433139277
910,x_j17_p300_s01,17,300,1,15,14,168.06666666666666,195.5285403050109,0.8595505617977528,36,0.28933040092053547,10.415894433139277
911,x_j17_p300_s02,17,300,2,16,14,168.06666666666666,195.5285403050109,0.8595505617977528,36,0.28933040092053547,10.415894433139277
912,x_j17_p300_s03,17,300,3,17,14,168.06666666666666,195.5285403050109,0.8595505617977528,36,0.28933040092053547,10.415894433139277
913,x_j17_p300_s04,17,300,4,18,14,168.06666666666666,195.5285403050109,0.8595505617977528,36,0.28933040092053547,10.415894433139277
914,x_j17_p300_s05,17,300,5,19,14,168.06666666666666,195.5285403050109,0.8595505617977528,36,0.28933040092053547,10.415894433139277
915,x_j17_p300_s06,17,300,6,20,14,168.06666666666666,195.5285403050109,0.8595505617977528,36,0.28933040092053547,10.415894433139277
916,x_j17_p300_s07,17,300,7,21,14,168.06666666666666,195.5285403050109,0.8595505617977528,36,0.28933040092053547,10.415894433139277
917,x_j17_p300_s08,17,300,8,22,14,168.06666666666666,195.5285403050109,0.8595505617977528,36,0.28933040092053547,10.415894433139277
918,x_j17_p300_s09,17,300,9,23,14,168.06666666666666,195.5285403050109,0.8595505617977528,36,0.28933040092053547,10.415894433139277
919,x_j17_p300_s10,17,300,10,24,14,168.06666666666666,195.5285403050109,0.8595505617977528,36,0.28933040092053547,10.415894433139277
920,x_j17_p350_s00,17,350,0,13,13,168.06666666666666,184.3640404040404,0.9116022099447514,36,0.33096245080559017,11.914648229001246
921,x_j17_p350_s01,17,350,1,14,13,168.06666666666666,184.3640404040404,0.9116022099447514,36,0.33096245080559017,11.914648229001246
922,x_j17_p350_s02,17,350,2,15,13,168.06666666666666,184.3640404040404,0.9116022099447514,36,0.33096245080559017,11.914648229001246
923,x_j17_p350_s03,17,350,3,16,13,168.06666666666666,184.3640404040404,0.9116022099447514,36,0.33096245080559017,11.914648229001246
924,x_j17_p350_s04,17,350,4,17,13,168.06666666666666,184.3640404040404,0.9116022099447514,36,0.33096245080559017,11.914648229001246
925,x_j17_p350_s05,17,350,5,18,13,168.06666666666666,184.3640404040404,0.9116022099447514,36,0.33096245080559017,11.914648229001246
926,x_j17_p350_s06,17,350,6,19,13,168.06666666666666,184.3640404040404,0.9116022099447514,36,0.33096245080559017,11.914648229001246
927,x_j17_p350_s07,17,350,7,20,13,168.06666666666666,184.3640404040404,0.9116022099447514,36,0.33096245080559017,11.914648229001246
928,x_j17_p350_s08,17,350,8,21,13,168.06666666666666,184.3640404040404,0.9116022099447514,36,0.33096245080559017,11.914648229001246
929,x_j17_p350_s09,17,350,9,22,13,168.06666666666666,184.3640404040404,0.9116022099447514,36,0.33096245080559017,11.914648229001246
930,x_j17_p350_s10,17,350,10,23,13,168.06666666666666,184.3640404040404,0.9116022099447514,36,0.33096245080559017,11.914648229001246
931,x_j17_p350_s11,17,350,11,24,13,168.06666666666666,184.3640404040404,0.9116022099447514,36,0.33096245080559017,11.914648229001246
932,x_j17_p400_s00,17,400,0,12,12,168.06666666666666,168.06666666666666,1.0,36,0.3675694379147809,13.232499764932113
933,x_j17_p400_s01,17,400,1,13,12,168.06666666666666,168.06666666666666,1.0,36,0.3675694379147809,13.232499764932113
934,x_j17_p400_s02,17,400,2,14,12,168.06666666666666,168.06666666666666,1.0,36,0.3675694379147809,13.232499764932113
935,x_j17_p400_s03,17,400,3,15,12,168.06666666666666,168.06666666666666,1.0,36,0.3675694379147809,13.232499764932113
936,x_j17_p400_s04,17,400,4,16,12,168.06666666666666,168.06666666666666,1.0,36,0.3675694379147809,13.232499764932113
937,x_j17_p400_s05,17,400,5,17,12,168.06666666666666,168.06666666666666,1.0,36,0.3675694379147809,13.232499764932113
938,x_j17_p400_s06,17,400,6,18,12,168.06666666666666,168.06666666666666,1.0,36,0.3675694379147809,13.232499764932113
939,x_j17_p400_s07,17,400,7,19,12,168.06666666666666,168.06666666666666,1.0,36,0.3675694379147809,13.232499764932113
940,x_j17_p400_s08,17,400,8,20,12,168.06666666666666,168.06666666666666,1.0,36,0.3675694379147809,13.232499764932113
941,x_j17_p400_s09,17,400,9,21,12,168.06666666666666,168.06666666666666,1.0,36,0.3675694379147809,13.232499764932113
942,x_j17_p400_s10,17,400,10,22,12,168.06666666666666,168.06666666666666,1.0,36,0.3675694379147809,13.232499764932113
943,x_j17_p400_s11,17,400,11,23,12,168.06666666666666,168.06666666666666,1.0,36,0.3675694379147809,13.232499764932113
944,x_j17_p400_s12,17,400,12,24,12,168.06666666666666,168.06666666666666,1.0,36,0.3675694379147809,13.232499764932113
